ID,Nombre,ClasificaciГіn,Proceso,Periodicidad,Sentido,FГіrmula,Responsable,Fuente
68,EvaluaciГіn de desempeГұo a proveedores crГӯticos,вң…,вң…,вң…,вң…,вҡ пёҸ,вҡ пёҸ,Indicadores por CMI
69,Oportunidad de Respuesta Solicitudes de Compra No ,вң…,вң…,вң…,вң…,вҡ пёҸ,вҡ пёҸ,Indicadores por CMI
73,Tiempo respuesta selecciГіn y contrataciГіn de colab,вң…,вң…,вң…,вң…,вҡ пёҸ,вҡ пёҸ,Indicadores por CMI
74,Efectividad en las contrataciones,вң…,вң…,вң…,вң…,вҡ пёҸ,вҡ пёҸ,Indicadores por CMI
77,Disponibilidad de servicios tecnolГіgicos,вң…,вң…,вң…,вң…,вҡ пёҸ,вҡ пёҸ,Indicadores por CMI
78,Cumplimiento programa de auditorГӯa,вң…,вң…,вң…,вң…,вҡ пёҸ,вҡ пёҸ,Indicadores por CMI
79,Cierre Eficaz De Oportunidades De Mejora De Audito,вң…,вң…,вң…,вң…,вҡ пёҸ,вҡ пёҸ,Indicadores por CMI
84,Funcionamiento del COPASST,вң…,вң…,вң…,вң…,вҡ пёҸ,вҡ пёҸ,Indicadores por CMI
85,Plan de Emergencias,вң…,вң…,вң…,вң…,вҡ пёҸ,вҡ пёҸ,Indicadores por CMI
86,Reporte e investigaciГіn,вң…,вң…,вң…,вң…,вҡ пёҸ,вҡ пёҸ,Indicadores por CMI
87,AutoevaluaciГіn,вң…,вң…,вң…,вң…,вҡ пёҸ,вҡ пёҸ,Indicadores por CMI
88,EjecuciГіn del plan de trabajo,вң…,вң…,вң…,вң…,вҡ пёҸ,вҡ пёҸ,Indicadores por CMI
89,EjecuciГіn plan de capacitaciГіn,вң…,вң…,вң…,вң…,вҡ пёҸ,вҡ пёҸ,Indicadores por CMI
90,EjecuciГіn de Simulacros,вң…,вң…,вң…,вң…,вҡ пёҸ,вҡ пёҸ,Indicadores por CMI
91,ParticipaciГіn en capacitaciones SST,вң…,вң…,вң…,вң…,вҡ пёҸ,вҡ пёҸ,Indicadores por CMI
92,EvaluaciГіn condiciones de salud (examen mГ©dico),вң…,вң…,вң…,вң…,вҡ пёҸ,вҡ пёҸ,Indicadores por CMI
94,Cobertura Elementos de ProtecciГіn Personal,вң…,вң…,вң…,вң…,вҡ пёҸ,вҡ пёҸ,Indicadores por CMI
95,Inspecciones de seguridad,вң…,вң…,вң…,вң…,вҡ пёҸ,вҡ пёҸ,Indicadores por CMI
100,Cumplimiento de requisitos legales SST,вң…,вң…,вң…,вң…,вҡ пёҸ,вҡ пёҸ,Indicadores por CMI
104,Tasa de accidentalidad,вң…,вң…,вң…,вң…,вҡ пёҸ,вҡ пёҸ,Indicadores por CMI
106,Mortalidad de los accidentes laborales,вң…,вң…,вң…,вң…,вҡ пёҸ,вҡ пёҸ,Indicadores por CMI
108,Nivel de SatisfacciГіn Servicios Prestados - Direcc,вң…,вң…,вң…,вң…,вҡ пёҸ,вҡ пёҸ,Indicadores por CMI
110,Nivel de SatisfacciГіn Servicios Prestados - GestiГі,вң…,вң…,вң…,вң…,вҡ пёҸ,вҡ пёҸ,Indicadores por CMI
111,Nivel de SatisfacciГіn Servicios Prestados - GestiГі,вң…,вң…,вң…,вң…,вҡ пёҸ,вҡ пёҸ,Indicadores por CMI
112,Nivel de SatisfacciГіn Servicios Prestados - GestiГі,вң…,вң…,вң…,вң…,вҡ пёҸ,вҡ пёҸ,Indicadores por CMI
113,Nivel de SatisfacciГіn Servicios Prestados - GestiГі,вң…,вң…,вң…,вң…,вҡ пёҸ,вҡ пёҸ,Indicadores por CMI
114,Nivel de SatisfacciГіn Servicios Prestados - GestiГі,вң…,вң…,вң…,вң…,вҡ пёҸ,вҡ пёҸ,Indicadores por CMI
115,Nivel de SatisfacciГіn Servicios Prestados - GestiГі,вң…,вң…,вң…,вң…,вҡ пёҸ,вҡ пёҸ,Indicadores por CMI
116,Nivel de SatisfacciГіn Servicios Prestados - AUDITO,вң…,вң…,вң…,вң…,вҡ пёҸ,вҡ пёҸ,Indicadores por CMI
118,Nivel de SatisfacciГіn del sistema de gestiГіn de ca,вң…,вң…,вң…,вң…,вҡ пёҸ,вҡ пёҸ,Indicadores por CMI
121,EjecuciГіn presupuestal de la nГіmina acumulada,вң…,вң…,вң…,вң…,вҡ пёҸ,вҡ пёҸ,Indicadores por CMI
122,Eficacia en la solicitud documental- por periodo,вң…,вң…,вң…,вң…,вҡ пёҸ,вҡ пёҸ,Indicadores por CMI
124,Indice de Frecuencia de accidentalidad,вң…,вң…,вң…,вң…,вҡ пёҸ,вҡ пёҸ,Indicadores por CMI
125,Indice de severidad,вң…,вң…,вң…,вң…,вҡ пёҸ,вҡ пёҸ,Indicadores por CMI
126,Indice de Prevalencia EL Enfermedad laboral,вң…,вң…,вң…,вң…,вҡ пёҸ,вҡ пёҸ,Indicadores por CMI
127,Indice de Incidencia EL Enfermedad laboral,вң…,вң…,вң…,вң…,вҡ пёҸ,вҡ пёҸ,Indicadores por CMI
128,AusentГӯsmo por causa mГ©dica,вң…,вң…,вң…,вң…,вҡ пёҸ,вҡ пёҸ,Indicadores por CMI
133,Nivel de SatisfacciГіn Servicios Prestados - Visibi,вң…,вң…,вң…,вң…,вҡ пёҸ,вҡ пёҸ,Indicadores por CMI
136,EjecuciГіn de actividades culturales,вң…,вң…,вң…,вң…,вҡ пёҸ,вҡ пёҸ,Indicadores por CMI
137,EjecuciГіn de Talleres de formaciГіn,вң…,вң…,вң…,вң…,вҡ пёҸ,вҡ пёҸ,Indicadores por CMI
139,EjecuciГіn presupuestal del gasto,вң…,вң…,вң…,вң…,вҡ пёҸ,вҡ пёҸ,Indicadores por CMI
143,Proyectos de investigaciГіn e innovaciГіn,вң…,вң…,вң…,вң…,вҡ пёҸ,вҡ пёҸ,Indicadores por CMI
144,Productos de investigaciГіn,вң…,вң…,вң…,вң…,вҡ пёҸ,вҡ пёҸ,Indicadores por CMI
145,"Semilleros de InvestigaciГіn, InnovaciГіn y CreaciГіn",вң…,вң…,вң…,вң…,вҡ пёҸ,вҡ пёҸ,Indicadores por CMI
146,Docentes vinculados a investigaciГіn,вң…,вң…,вң…,вң…,вҡ пёҸ,вҡ пёҸ,Indicadores por CMI
147,Grupos de investigaciГіn categorizados,вң…,вң…,вң…,вң…,вҡ пёҸ,вҡ пёҸ,Indicadores por CMI
148,Estudiantes vinculados a investigaciГіn,вң…,вң…,вң…,вң…,вҡ пёҸ,вҡ пёҸ,Indicadores por CMI
150,Nivel de SatisfacciГіn Servicios Prestados - Invest,вң…,вң…,вң…,вң…,вҡ пёҸ,вҡ пёҸ,Indicadores por CMI
151,Nivel de SatisfacciГіn Servicios Prestados - Biblio,вң…,вң…,вң…,вң…,вҡ пёҸ,вҡ пёҸ,Indicadores por CMI
157,IndexaciГіn de bases de datos o SIRES,вң…,вң…,вң…,вң…,вҡ пёҸ,вҡ пёҸ,Indicadores por CMI
159,Nivel de SatisfacciГіn Servicios Prestados - Editor,вң…,вң…,вң…,вң…,вҡ пёҸ,вҡ пёҸ,Indicadores por CMI
167,SatisfacciГіn actividades plan de bienestar,вң…,вң…,вң…,вң…,вҡ пёҸ,вҡ пёҸ,Indicadores por CMI
171,ANS documentos operativos_Inactivo,вң…,вң…,вң…,вң…,вҡ пёҸ,вҡ пёҸ,Indicadores por CMI
172,Cumplimiento plan operativo del SGC,вң…,вң…,вң…,вң…,вҡ пёҸ,вҡ пёҸ,Indicadores por CMI
174,Cumplimiento Plan de FormaciГіn SGC,вң…,вң…,вң…,вң…,вҡ пёҸ,вҡ пёҸ,Indicadores por CMI
176,Cumplimiento Planes de Mejora,вң…,вң…,вң…,вң…,вҡ пёҸ,вҡ пёҸ,Indicadores por CMI
193,Mejorar flujo de atenciГіn en todos los niveles de ,вң…,вң…,вң…,вң…,вҡ пёҸ,вҡ пёҸ,Indicadores por CMI
194,ГҚndice de satisfacciГіn del estudiante (SSI),вң…,вң…,вң…,вң…,вҡ пёҸ,вҡ пёҸ,Indicadores por CMI
195,NPS- Net Promotor Score,вң…,вң…,вң…,вң…,вҡ пёҸ,вҡ пёҸ,Indicadores por CMI
196,(% de solicitudes procesos Pareto),вң…,вң…,вң…,вң…,вҡ пёҸ,вҡ пёҸ,Indicadores por CMI
197,Cumplimiento cronograma Mantenimiento de Equipos,вң…,вң…,вң…,вң…,вҡ пёҸ,вҡ пёҸ,Indicadores por CMI
199,Nivel de cumplimiento de eficacia las capacitacion,вң…,вң…,вң…,вң…,вҡ пёҸ,вҡ пёҸ,Indicadores por CMI
200,Nivel de efectividad de las capacitaciones,вң…,вң…,вң…,вң…,вҡ пёҸ,вҡ пёҸ,Indicadores por CMI
202,Great Place to Work,вң…,вң…,вң…,вң…,вҡ пёҸ,вҡ пёҸ,Indicadores por CMI
203,Cumplimiento de Ingresos,вң…,вң…,вң…,вң…,вҡ пёҸ,вҡ пёҸ,Indicadores por CMI
204,Caja,вң…,вң…,вң…,вң…,вҡ пёҸ,вҡ пёҸ,Indicadores por CMI
205,Utilidad Neta,вң…,вң…,вң…,вң…,вҡ пёҸ,вҡ пёҸ,Indicadores por CMI
206,InversiГіn en CAPEX de la utilidad anterior,вң…,вң…,вң…,вң…,вҡ пёҸ,вҡ пёҸ,Indicadores por CMI
207,Nivel de Cumplimiento Opex,вң…,вң…,вң…,вң…,вҡ пёҸ,вҡ пёҸ,Indicadores por CMI
208,Consumo de Agua m3 Mensual,вң…,вң…,вң…,вң…,вҡ пёҸ,вҡ пёҸ,Indicadores por CMI
210,Aporte de los Procesos a los Objetivos de Desarrol,вң…,вң…,вң…,вң…,вҡ пёҸ,вҡ пёҸ,Indicadores por CMI
213,Cumplimiento del Plan Anual del Sistema de GestiГіn,вң…,вң…,вң…,вң…,вҡ пёҸ,вҡ пёҸ,Indicadores por CMI
214,GeneraciГіn de Residuos SГіlidos Mensual,вң…,вң…,вң…,вң…,вҡ пёҸ,вҡ пёҸ,Indicadores por CMI
215,DisminuciГіn de la GeneraciГіn de Residuos per CГЎpit,вң…,вң…,вң…,вң…,вҡ пёҸ,вҡ пёҸ,Indicadores por CMI
216,DisposiciГіn Ambientalmente Adecuada de Residuos Pe,вң…,вң…,вң…,вң…,вҡ пёҸ,вҡ пёҸ,Indicadores por CMI
217,Aprovechamiento de Residuos,вң…,вң…,вң…,вң…,вҡ пёҸ,вҡ пёҸ,Indicadores por CMI
218,Consumo de EnergГӯa ElГ©ctrica kWh Mensual,вң…,вң…,вң…,вң…,вҡ пёҸ,вҡ пёҸ,Indicadores por CMI
219,DisminuciГіn del Consumo de EnergГӯa ElГ©ctrica per C,вң…,вң…,вң…,вң…,вҡ пёҸ,вҡ пёҸ,Indicadores por CMI
220,DisminuciГіn del Consumo de Agua per CГЎpita,вң…,вң…,вң…,вң…,вҡ пёҸ,вҡ пёҸ,Indicadores por CMI
221,Riesgo de la Calidad del Agua Potable,вң…,вң…,вң…,вң…,вҡ пёҸ,вҡ пёҸ,Indicadores por CMI
222,Calidad de las Aguas Residuales Domesticas,вң…,вң…,вң…,вң…,вҡ пёҸ,вҡ пёҸ,Indicadores por CMI
223,Registro de Publicidad Exterior Visual,вң…,вң…,вң…,вң…,вҡ пёҸ,вҡ пёҸ,Indicadores por CMI
224,Cumplimiento Nivel de EmisiГіn de Ruido,вң…,вң…,вң…,вң…,вҡ пёҸ,вҡ пёҸ,Indicadores por CMI
225,Acciones para el Cuidado y Mantenimiento de las Es,вң…,вң…,вң…,вң…,вҡ пёҸ,вҡ пёҸ,Indicadores por CMI
226,GeneraciГіn de Gases de Efecto Invernadero,вң…,вң…,вң…,вң…,вҡ пёҸ,вҡ пёҸ,Indicadores por CMI
227,GeneraciГіn de  Gases de Efecto Invernadero per CГЎp,вң…,вң…,вң…,вң…,вҡ пёҸ,вҡ пёҸ,Indicadores por CMI
228,CompensaciГіn de Gases de Efecto Invernadero,вң…,вң…,вң…,вң…,вҡ пёҸ,вҡ пёҸ,Indicadores por CMI
230,EjecuciГіn de Eventos de FormaciГіn en Materia Ambie,вң…,вң…,вң…,вң…,вҡ пёҸ,вҡ пёҸ,Indicadores por CMI
231,Asistencia Eventos de FormaciГіn en Materia Ambient,вң…,вң…,вң…,вң…,вҡ пёҸ,вҡ пёҸ,Indicadores por CMI
232,EjecuciГіn de las Comunicaciones en Materia Ambient,вң…,вң…,вң…,вң…,вҡ пёҸ,вҡ пёҸ,Indicadores por CMI
233,Impacto de las Comunicaciones Correo ElectrГіnico,вң…,вң…,вң…,вң…,вҡ пёҸ,вҡ пёҸ,Indicadores por CMI
234,Impacto de las Comunicaciones en Materia Ambiental,вң…,вң…,вң…,вң…,вҡ пёҸ,вҡ пёҸ,Indicadores por CMI
235,Cumplimiento de Requisitos Legales Ambientales Apl,вң…,вң…,вң…,вң…,вҡ пёҸ,вҡ пёҸ,Indicadores por CMI
236,Actos Administrativos o Decisiones Judiciales Ambi,вң…,вң…,вң…,вң…,вҡ пёҸ,вҡ пёҸ,Indicadores por CMI
237,Cumplimiento Proyecto nuevo Polisigs,вң…,вң…,вң…,вң…,вҡ пёҸ,вҡ пёҸ,Indicadores por CMI
238,Cumplimiento de la ProtecciГіn del Medio Ambiente,вң…,вң…,вң…,вң…,вҡ пёҸ,вҡ пёҸ,Indicadores por CMI
239,Portafolio de Proyectos,вң…,вң…,вң…,вң…,вҡ пёҸ,вҡ пёҸ,Indicadores por CMI
240,Cumplimiento de GestiГіn De Proyectos Cerrados - El,вң…,вң…,вң…,вң…,вҡ пёҸ,вҡ пёҸ,Indicadores por CMI
241,Cumplimiento de gestiГіn de proyectos fase inicio -,вң…,вң…,вң…,вң…,вҡ пёҸ,вҡ пёҸ,Indicadores por CMI
242,Cumplimiento a cronograma de proyectos,вң…,вң…,вң…,вң…,вҡ пёҸ,вҡ пёҸ,Indicadores por CMI
243,Cumplimiento de gestiГіn de proyectos control de ca,вң…,вң…,вң…,вң…,вҡ пёҸ,вҡ пёҸ,Indicadores por CMI
244,GreenMetric - Nacional,вң…,вң…,вң…,вң…,вҡ пёҸ,вҡ пёҸ,Indicadores por CMI
245,Permanencia Intersemestral,вң…,вң…,вң…,вң…,вҡ пёҸ,вҡ пёҸ,Indicadores por CMI
246,SatisfacciГіn del proceso de grados,вң…,вң…,вң…,вң…,вҡ пёҸ,вҡ пёҸ,Indicadores por CMI
247,Solicitud de certificados,вң…,вң…,вң…,вң…,вҡ пёҸ,вҡ пёҸ,Indicadores por CMI
248,Programas con reforzamiento curricular,вң…,вң…,вң…,вң…,вҡ пёҸ,вҡ пёҸ,Indicadores por CMI
249,Programas con matriz de resultado de aprendizaje,вң…,вң…,вң…,вң…,вҡ пёҸ,вҡ пёҸ,Indicadores por CMI
254,ГҒreas con reportes de plan de retos,вң…,вң…,вң…,вң…,вҡ пёҸ,вҡ пёҸ,Indicadores por CMI
251,Procesos Con CMI Estructurado (eliminar),вң…,вң…,вң…,вң…,вҡ пёҸ,вҡ пёҸ,Indicadores por CMI
252,Permanencia intersemestral ingresantes,вң…,вң…,вң…,вң…,вҡ пёҸ,вҡ пёҸ,Indicadores por CMI
253,Oportunidad en la entrega de informes de auditoria,вң…,вң…,вң…,вң…,вҡ пёҸ,вҡ пёҸ,Indicadores por CMI
255,Informe anual de variaciГіn de Гӯndice H,вң…,вң…,вң…,вң…,вҡ пёҸ,вҡ пёҸ,Indicadores por CMI
256,Publicaciones editadas por la editorial,вң…,вң…,вң…,вң…,вҡ пёҸ,вҡ пёҸ,Indicadores por CMI
257,N de publicaciones aprobadas en convocatorias,вң…,вң…,вң…,вң…,вҡ пёҸ,вҡ пёҸ,Indicadores por CMI
259,Procesos con indicadores reportados oportunamente ,вң…,вң…,вң…,вң…,вҡ пёҸ,вҡ пёҸ,Indicadores por CMI
260,CES- Costumer Effort Score del proceso de RematrГӯc,вң…,вң…,вң…,вң…,вҡ пёҸ,вҡ пёҸ,Indicadores por CMI
261,CES- Costumer Effort Score del proceso de Saber Pr,вң…,вң…,вң…,вң…,вҡ пёҸ,вҡ пёҸ,Indicadores por CMI
262,ReducciГіn de nГәmero de sentencias condenatorias en,вң…,вң…,вң…,вң…,вҡ пёҸ,вҡ пёҸ,Indicadores por CMI
263,Oportunidad de respuesta de PQRS,вң…,вң…,вң…,вң…,вҡ пёҸ,вҡ пёҸ,Indicadores por CMI
264,Eficiencia EmisiГіn De Conceptos JurГӯdicos (Educaci,вң…,вң…,вң…,вң…,вҡ пёҸ,вҡ пёҸ,Indicadores por CMI
265,Eficiencia EmisiГіn De Conceptos JurГӯdicos (JurГӯdic,вң…,вң…,вң…,вң…,вҡ пёҸ,вҡ пёҸ,Indicadores por CMI
266,Oportunidad en la elaboraciГіn de contratos,вң…,вң…,вң…,вң…,вҡ пёҸ,вҡ пёҸ,Indicadores por CMI
267,SatisfacciГіn procesos de Homologaciones,вң…,вң…,вң…,вң…,вҡ пёҸ,вҡ пёҸ,Indicadores por CMI
268,Cantidad de usuarios,вң…,вң…,вң…,вң…,вҡ пёҸ,вҡ пёҸ,Indicadores por CMI
269,N de personas promedio por evento,вң…,вң…,вң…,вң…,вҡ пёҸ,вҡ пёҸ,Indicadores por CMI
270,N de horas promedio por evento,вң…,вң…,вң…,вң…,вҡ пёҸ,вҡ пёҸ,Indicadores por CMI
271,N de horas por solicitud,вң…,вң…,вң…,вң…,вҡ пёҸ,вҡ пёҸ,Indicadores por CMI
272,ProporciГіn de accidentes de trabajo mortales,вң…,вң…,вң…,вң…,вҡ пёҸ,вҡ пёҸ,Indicadores por CMI
273,NГәmero de programas con condiciones iniciales elab,вң…,вң…,вң…,вң…,вҡ пёҸ,вҡ пёҸ,Indicadores por CMI
274,Cumplimiento total estudiantes antiguos,вң…,вң…,вң…,вң…,вҡ пёҸ,вҡ пёҸ,Indicadores por CMI
275,SatisfacciГіn Institucional por grupo de interes,вң…,вң…,вң…,вң…,вҡ пёҸ,вҡ пёҸ,Indicadores por CMI
276,RelaciГіn Estudiante-Docente Tiempo completo,вң…,вң…,вң…,вң…,вҡ пёҸ,вҡ пёҸ,Indicadores por CMI
277,RelaciГіn estudiante docente Tiempo Completo Equiva,вң…,вң…,вң…,вң…,вҡ пёҸ,вҡ пёҸ,Indicadores por CMI
278,Docentes contratados,вң…,вң…,вң…,вң…,вҡ пёҸ,вҡ пёҸ,Indicadores por CMI
279,Docentes tiempo completo,вң…,вң…,вң…,вң…,вҡ пёҸ,вҡ пёҸ,Indicadores por CMI
280,Docentes medio tiempo,вң…,вң…,вң…,вң…,вҡ пёҸ,вҡ пёҸ,Indicadores por CMI
281,Docentes cГЎtedra,вң…,вң…,вң…,вң…,вҡ пёҸ,вҡ пёҸ,Indicadores por CMI
282,Docentes evaluados,вң…,вң…,вң…,вң…,вҡ пёҸ,вҡ пёҸ,Indicadores por CMI
283,Resultado evaluaciГіn docente,вң…,вң…,вң…,вң…,вҡ пёҸ,вҡ пёҸ,Indicadores por CMI
284,NГәmero Horas semanales docentes,вң…,вң…,вң…,вң…,вҡ пёҸ,вҡ пёҸ,Indicadores por CMI
285,Docentes con plan de trabajo asignado,вң…,вң…,вң…,вң…,вҡ пёҸ,вҡ пёҸ,Indicadores por CMI
286,Total docentes por nivel de estudios,вң…,вң…,вң…,вң…,вҡ пёҸ,вҡ пёҸ,Indicadores por CMI
287,NГәmero docentes escalafonados,вң…,вң…,вң…,вң…,вҡ пёҸ,вҡ пёҸ,Indicadores por CMI
288,NГәmero docentes escalafonados presentados en convo,вң…,вң…,вң…,вң…,вҡ пёҸ,вҡ пёҸ,Indicadores por CMI
289,Cumplimiento plan de comunicaciones SGC,вң…,вң…,вң…,вң…,вҡ пёҸ,вҡ пёҸ,Indicadores por CMI
290,Cierre eficaz de las oportunidades de mejora,вң…,вң…,вң…,вң…,вҡ пёҸ,вҡ пёҸ,Indicadores por CMI
291,Cumplimiento del cronograma de actividades deporti,вң…,вң…,вң…,вң…,вҡ пёҸ,вҡ пёҸ,Indicadores por CMI
292,ParticipaciГіn en Actividades deportivas presencial,вң…,вң…,вң…,вң…,вҡ пёҸ,вҡ пёҸ,Indicadores por CMI
293,Cumplimiento del cronograma de actividades cultura,вң…,вң…,вң…,вң…,вҡ пёҸ,вҡ пёҸ,Indicadores por CMI
294,ParticipaciГіn en actividades culturales presencial,вң…,вң…,вң…,вң…,вҡ пёҸ,вҡ пёҸ,Indicadores por CMI
295,Cumplimiento Del Cierre De Oportunidades De Mejora,вң…,вң…,вң…,вң…,вҡ пёҸ,вҡ пёҸ,Indicadores por CMI
296,Cumplimiento de planes de supervisiГіn y monitoreo ,вң…,вң…,вң…,вң…,вҡ пёҸ,вҡ пёҸ,Indicadores por CMI
297,N de riesgos intervenidos,вң…,вң…,вң…,вң…,вҡ пёҸ,вҡ пёҸ,Indicadores por CMI
298,N de riesgos materializados,вң…,вң…,вң…,вң…,вҡ пёҸ,вҡ пёҸ,Indicadores por CMI
300,Cumplimiento de Inspecciones de control,вң…,вң…,вң…,вң…,вҡ пёҸ,вҡ пёҸ,Indicadores por CMI
301,Cumplimiento plan de trabajo,вң…,вң…,вң…,вң…,вҡ пёҸ,вҡ пёҸ,Indicadores por CMI
302,N de solicitudes radicadas,вң…,вң…,вң…,вң…,вҡ пёҸ,вҡ пёҸ,Indicadores por CMI
303,Cumplimiento del cronograma de actividades de salu,вң…,вң…,вң…,вң…,вҡ пёҸ,вҡ пёҸ,Indicadores por CMI
304,Impacto de CampaГұas de promociГіn y prevenciГіn,вң…,вң…,вң…,вң…,вҡ пёҸ,вҡ пёҸ,Indicadores por CMI
305,Cumplimiento del plan anual de mantenimiento de eq,вң…,вң…,вң…,вң…,вҡ пёҸ,вҡ пёҸ,Indicadores por CMI
306,Seguimiento KPI Plan de Desarrollo Institucional,вң…,вң…,вң…,вң…,вҡ пёҸ,вҡ пёҸ,Indicadores por CMI
307,OrganizaciГіn de escenarios de visibilidad nacional,вң…,вң…,вң…,вң…,вҡ пёҸ,вҡ пёҸ,Indicadores por CMI
308,Movilidad FГӯsica Entrantes Profesores,вң…,вң…,вң…,вң…,вҡ пёҸ,вҡ пёҸ,Indicadores por CMI
309,Movilidad FГӯsica Profesores Salientes,вң…,вң…,вң…,вң…,вҡ пёҸ,вҡ пёҸ,Indicadores por CMI
310,Movilidad FГӯsica Entrante Estudiantes,вң…,вң…,вң…,вң…,вҡ пёҸ,вҡ пёҸ,Indicadores por CMI
311,Movilidad FГӯsica Saliente Estudiantes,вң…,вң…,вң…,вң…,вҡ пёҸ,вҡ пёҸ,Indicadores por CMI
312,Clases espejo,вң…,вң…,вң…,вң…,вҡ пёҸ,вҡ пёҸ,Indicadores por CMI
313,Seminarios y cursos internacionales virtuales impa,вң…,вң…,вң…,вң…,вҡ пёҸ,вҡ пёҸ,Indicadores por CMI
314,N de asignaturas COIL - (Collaborative Online Inte,вң…,вң…,вң…,вң…,вҡ пёҸ,вҡ пёҸ,Indicadores por CMI
315,Num de programas con convenios de doble titulaciГіn,вң…,вң…,вң…,вң…,вҡ пёҸ,вҡ пёҸ,Indicadores por CMI
316,Asignaturas con sesiones en segundo idioma,вң…,вң…,вң…,вң…,вҡ пёҸ,вҡ пёҸ,Indicadores por CMI
317,Plan De InternacionalizaciГіn A 7 AГұos,вң…,вң…,вң…,вң…,вҡ пёҸ,вҡ пёҸ,Indicadores por CMI
318,"Convenios, alianzas activas con actividades en los",вң…,вң…,вң…,вң…,вҡ пёҸ,вҡ пёҸ,Indicadores por CMI
319,Nivel de cumplimiento de la gestiГіn de internacion,вң…,вң…,вң…,вң…,вҡ пёҸ,вҡ пёҸ,Indicadores por CMI
320,ParticipaciГіn docentes Poli en eventos acadГ©micos ,вң…,вң…,вң…,вң…,вҡ пёҸ,вҡ пёҸ,Indicadores por CMI
321,ParticipaciГіn estudiantes Poli en eventos acadГ©mic,вң…,вң…,вң…,вң…,вҡ пёҸ,вҡ пёҸ,Indicadores por CMI
323,NГәmero de renovaciones de registro calificado,вң…,вң…,вң…,вң…,вҡ пёҸ,вҡ пёҸ,Indicadores por CMI
324,NГәmero de programas nuevos radicados en el Ministe,вң…,вң…,вң…,вң…,вҡ пёҸ,вҡ пёҸ,Indicadores por CMI
325,NГәmero de programas nuevos con registro calificado,вң…,вң…,вң…,вң…,вҡ пёҸ,вҡ пёҸ,Indicadores por CMI
326,NГәmero de informes de autoevaluaciГіn con fines de ,вң…,вң…,вң…,вң…,вҡ пёҸ,вҡ пёҸ,Indicadores por CMI
327,NГәmero de programas con obtenciГіn de acreditaciГіn ,вң…,вң…,вң…,вң…,вҡ пёҸ,вҡ пёҸ,Indicadores por CMI
328,Nivel de encuestas obtenidas en el encuentro insti,вң…,вң…,вң…,вң…,вҡ пёҸ,вҡ пёҸ,Indicadores por CMI
329,ParticipaciГіn en actividades diseГұadas para gradua,вң…,вң…,вң…,вң…,вҡ пёҸ,вҡ пёҸ,Indicadores por CMI
331,Nivel de empleabilidad del graduado,вң…,вң…,вң…,вң…,вҡ пёҸ,вҡ пёҸ,Indicadores por CMI
332,ГҚndice de rotaciГіn,вң…,вң…,вң…,вң…,вҡ пёҸ,вҡ пёҸ,Indicadores por CMI
334,Resultado de la evaluaciГіn 360 (evaluaciГіn por com,вң…,вң…,вң…,вң…,вҡ пёҸ,вҡ пёҸ,Indicadores por CMI
335,Cumplimiento de diagnГіstico necesidades de capacit,вң…,вң…,вң…,вң…,вҡ пёҸ,вҡ пёҸ,Indicadores por CMI
336,Materiales bibliogrГЎficos en formato fГӯsico con es,вң…,вң…,вң…,вң…,вҡ пёҸ,вҡ пёҸ,Indicadores por CMI
337,NГәmero de programas con renovaciГіn de acreditaciГіn,вң…,вң…,вң…,вң…,вҡ пёҸ,вҡ пёҸ,Indicadores por CMI
338,NГәmero de programas con condiciones iniciales apro,вң…,вң…,вң…,вң…,вҡ пёҸ,вҡ пёҸ,Indicadores por CMI
339,Programas acreditables acreditados Sede BogotГЎ,вң…,вң…,вң…,вң…,вҡ пёҸ,вҡ пёҸ,Indicadores por CMI
340,Cumplimiento cronograma revisiones locativas,вң…,вң…,вң…,вң…,вҡ пёҸ,вҡ пёҸ,Indicadores por CMI
341,ReducciГіn de costos en gestiГіn de abastecimiento,вң…,вң…,вң…,вң…,вҡ пёҸ,вҡ пёҸ,Indicadores por CMI
344,Cumplimiento del plan de InducciГіn institucional,вң…,вң…,вң…,вң…,вҡ пёҸ,вҡ пёҸ,Indicadores por CMI
345,% de profesores impactados plan de desarrollo doce,вң…,вң…,вң…,вң…,вҡ пёҸ,вҡ пёҸ,Indicadores por CMI
346,% de profesores impactados en actividades de Biene,вң…,вң…,вң…,вң…,вҡ пёҸ,вҡ пёҸ,Indicadores por CMI
347,Legalizaciones y anticipos,вң…,вң…,вң…,вң…,вҡ пёҸ,вҡ пёҸ,Indicadores por CMI
348,Cuentas por pagar,вң…,вң…,вң…,вң…,вҡ пёҸ,вҡ пёҸ,Indicadores por CMI
349,NГәmero de redes de investigaciГіn,вң…,вң…,вң…,вң…,вҡ пёҸ,вҡ пёҸ,Indicadores por CMI
350,"Centros de investigaciГіn, ciencia y de apoyo a CTI",вң…,вң…,вң…,вң…,вҡ пёҸ,вҡ пёҸ,Indicadores por CMI
351,Partidas conciliatorias de bancos,вң…,вң…,вң…,вң…,вҡ пёҸ,вҡ пёҸ,Indicadores por CMI
352,Nivel de facturas generadas con error,вң…,вң…,вң…,вң…,вҡ пёҸ,вҡ пёҸ,Indicadores por CMI
353,Cobertura de tableros BI en procesos,вң…,вң…,вң…,вң…,вҡ пёҸ,вҡ пёҸ,Indicadores por CMI
354,Plan de formaciГіn en analitica,вң…,вң…,вң…,вң…,вҡ пёҸ,вҡ пёҸ,Indicadores por CMI
355,Indice de liquidez,вң…,вң…,вң…,вң…,вҡ пёҸ,вҡ пёҸ,Indicadores por CMI
356,Indice de Endeudamiento,вң…,вң…,вң…,вң…,вҡ пёҸ,вҡ пёҸ,Indicadores por CMI
357,Cartera,вң…,вң…,вң…,вң…,вҡ пёҸ,вҡ пёҸ,Indicadores por CMI
358,AcompaГұamiento a estudiantes en practicas,вң…,вң…,вң…,вң…,вҡ пёҸ,вҡ пёҸ,Indicadores por CMI
359,SatisfacciГіn Institucional,вң…,вң…,вң…,вң…,вҡ пёҸ,вҡ пёҸ,Indicadores por CMI
360,Cumplimiento de cronogramas,вң…,вң…,вң…,вң…,вҡ пёҸ,вҡ пёҸ,Indicadores por CMI
361,ГҚndice de InclusiГіn **,вң…,вң…,вң…,вң…,вҡ пёҸ,вҡ пёҸ,Indicadores por CMI
362,Aseguramiento de matricula acadГ©mica presencial,вң…,вң…,вң…,вң…,вҡ пёҸ,вҡ пёҸ,Indicadores por CMI
363,Seguimiento a la parametrizaciГіn de aulas master y,вң…,вң…,вң…,вң…,вҡ пёҸ,вҡ пёҸ,Indicadores por CMI
364,Impacto de actividades de Responsabilidad y proyec,вң…,вң…,вң…,вң…,вҡ пёҸ,вҡ пёҸ,Indicadores por CMI
365,Seguimiento de asignaciГіn docente a NRC Pregrado-P,вң…,вң…,вң…,вң…,вҡ пёҸ,вҡ пёҸ,Indicadores por CMI
366,NormalizaciГіn de cobros pecuniarios,вң…,вң…,вң…,вң…,вҡ пёҸ,вҡ пёҸ,Indicadores por CMI
367,Estudiantes con Becas,вң…,вң…,вң…,вң…,вҡ пёҸ,вҡ пёҸ,Indicadores por CMI
368,SatisfacciГіn de los estudiantes de EducaciГіn para ,вң…,вң…,вң…,вң…,вҡ пёҸ,вҡ пёҸ,Indicadores por CMI
369,ParticipaciГіn de POLI- voluntariados (Estudiantes-,вң…,вң…,вң…,вң…,вҡ пёҸ,вҡ пёҸ,Indicadores por CMI
370,Oportunidades de mejora - Huella Verde,вң…,вң…,вң…,вң…,вҡ пёҸ,вҡ пёҸ,Indicadores por CMI
371,RecaudaciГіn de fondos,вң…,вң…,вң…,вң…,вҡ пёҸ,вҡ пёҸ,Indicadores por CMI
372,SatisfacciГіn de los clientes corporativos EducaciГі,вң…,вң…,вң…,вң…,вҡ пёҸ,вҡ пёҸ,Indicadores por CMI
373,Cumplimiento de planes anuales por lГӯneas,вң…,вң…,вң…,вң…,вҡ пёҸ,вҡ пёҸ,Indicadores por CMI
374,Disponibilidad de mГЎster modalidad virtual,вң…,вң…,вң…,вң…,вҡ пёҸ,вҡ пёҸ,Indicadores por CMI
375,Disponibilidad de catГЎlogo de asignaturas pregrado,вң…,вң…,вң…,вң…,вҡ пёҸ,вҡ пёҸ,Indicadores por CMI
376,Cumplimiento EBIDTA,вң…,вң…,вң…,вң…,вҡ пёҸ,вҡ пёҸ,Indicadores por CMI
377,CAPEX,вң…,вң…,вң…,вң…,вҡ пёҸ,вҡ пёҸ,Indicadores por CMI
378,Proyectos tecnolГіgicos,вң…,вң…,вң…,вң…,вҡ пёҸ,вҡ пёҸ,Indicadores por CMI
379,Total estudiantes nuevos,вң…,вң…,вң…,вң…,вҡ пёҸ,вҡ пёҸ,Indicadores por CMI
380,Ingresos de matriculas de estudiantes nuevos,вң…,вң…,вң…,вң…,вҡ пёҸ,вҡ пёҸ,Indicadores por CMI
381,Cumplimiento de matrГӯculas pregrado presencial nue,вң…,вң…,вң…,вң…,вҡ пёҸ,вҡ пёҸ,Indicadores por CMI
382,Cumplimiento de matrГӯculas pregrado virtual nuevos,вң…,вң…,вң…,вң…,вҡ пёҸ,вҡ пёҸ,Indicadores por CMI
383,Cumplimiento de matrГӯculas posgrado virtual nuevos,вң…,вң…,вң…,вң…,вҡ пёҸ,вҡ пёҸ,Indicadores por CMI
384,Cumplimiento de matrГӯculas posgrado presencial nue,вң…,вң…,вң…,вң…,вҡ пёҸ,вҡ пёҸ,Indicadores por CMI
385,Ingresos totales de educaciГіn para la vida,вң…,вң…,вң…,вң…,вҡ пёҸ,вҡ пёҸ,Indicadores por CMI
386,Cumplimiento Meta comercial EducaciГіn para toda la,вң…,вң…,вң…,вң…,вҡ пёҸ,вҡ пёҸ,Indicadores por CMI
387,Programas con alineaciГіn curricular por escuela,вң…,вң…,вң…,вң…,вҡ пёҸ,вҡ пёҸ,Indicadores por CMI
388,Programas con matriz de resultados de aprendizaje ,вң…,вң…,вң…,вң…,вҡ пёҸ,вҡ пёҸ,Indicadores por CMI
389,Permanencia por escuela,вң…,вң…,вң…,вң…,вҡ пёҸ,вҡ пёҸ,Indicadores por CMI
390,Cumplimiento Plan Anual por escuela,вң…,вң…,вң…,вң…,вҡ пёҸ,вҡ пёҸ,Indicadores por CMI
391,SatisfacciГіn del cliente con campaГұas integradas d,вң…,вң…,вң…,вң…,вҡ пёҸ,вҡ пёҸ,Indicadores por CMI
392,Ahorro institucional con base en la monetizaciГіn d,вң…,вң…,вң…,вң…,вҡ пёҸ,вҡ пёҸ,Indicadores por CMI
393,DisminuciГіn de los tiempos empleados en el desarro,вң…,вң…,вң…,вң…,вҡ пёҸ,вҡ пёҸ,Indicadores por CMI
394,Publicaciones en medios de comunicaciГіn Tier 1 y T,вң…,вң…,вң…,вң…,вҡ пёҸ,вҡ пёҸ,Indicadores por CMI
395,Publicaciones en medios de comunicaciГіn de la regi,вң…,вң…,вң…,вң…,вҡ пёҸ,вҡ пёҸ,Indicadores por CMI
396,Publicaciones en el Campus Virtual,вң…,вң…,вң…,вң…,вҡ пёҸ,вҡ пёҸ,Indicadores por CMI
397,GestiГіn de casos del Estudio de EmisiГіn,вң…,вң…,вң…,вң…,вҡ пёҸ,вҡ пёҸ,Indicadores por CMI
398,ParticipaciГіn en actividades de desarrollo de Cult,вң…,вң…,вң…,вң…,вҡ пёҸ,вҡ пёҸ,Indicadores por CMI
399,Sesiones de AcompaГұamiento a emprendedores en crea,вң…,вң…,вң…,вң…,вҡ пёҸ,вҡ пёҸ,Indicadores por CMI
400,Puesta en marcha de proyectos de emprendimiento,вң…,вң…,вң…,вң…,вҡ пёҸ,вҡ пёҸ,Indicadores por CMI
401,ProducciГіn de nuevos MI-Books,вң…,вң…,вң…,вң…,вҡ пёҸ,вҡ пёҸ,Indicadores por CMI
402,Informe anual de consulta de MI-Books,вң…,вң…,вң…,вң…,вҡ пёҸ,вҡ пёҸ,Indicadores por CMI
403,NГәmero de estudiantes que ha realizado la simulaci,вң…,вң…,вң…,вң…,вҡ пёҸ,вҡ пёҸ,Indicadores por CMI
404,Casos presentados y solucionados,вң…,вң…,вң…,вң…,вҡ пёҸ,вҡ пёҸ,Indicadores por CMI
405,Proyecto de reingenieria y arquitectura de softwar,вң…,вң…,вң…,вң…,вҡ пёҸ,вҡ пёҸ,Indicadores por CMI
406,Programas con condiciones iniciales aprobadas por ,вң…,вң…,вң…,вң…,вҡ пёҸ,вҡ пёҸ,Indicadores por CMI
407,Programas 1ra fase de condiciones iniciales radica,вң…,вң…,вң…,вң…,вҡ пёҸ,вҡ пёҸ,Indicadores por CMI
408,Programas nuevos radicados por facultad,вң…,вң…,вң…,вң…,вҡ пёҸ,вҡ пёҸ,Indicadores por CMI
409,Oportunidad en tiempo de envios,вң…,вң…,вң…,вң…,вҡ пёҸ,вҡ пёҸ,Indicadores por CMI
410,Solicitudes de gestiГіn documental,вң…,вң…,вң…,вң…,вҡ пёҸ,вҡ пёҸ,Indicadores por CMI
411,Cumplimiento Planes De Relacionamiento,вң…,вң…,вң…,вң…,вҡ пёҸ,вҡ пёҸ,Indicadores por CMI
412,ParticipaciГіn en eventos externos de impacto,вң…,вң…,вң…,вң…,вҡ пёҸ,вҡ пёҸ,Indicadores por CMI
413,ParticipaciГіn del Poli como sede o patrocinador,вң…,вң…,вң…,вң…,вҡ пёҸ,вҡ пёҸ,Indicadores por CMI
414,Cumplimiento Plan Anual RectorГӯa,вң…,вқҢ,вң…,вң…,вҡ пёҸ,вҡ пёҸ,Indicadores por CMI
415,Cumplimiento Plan Anual VicerrectorГӯa del estudian,вң…,вқҢ,вң…,вң…,вҡ пёҸ,вҡ пёҸ,Indicadores por CMI
416,Cumplimiento Plan Anual VicerrectorГӯa de crecimien,вң…,вқҢ,вң…,вң…,вҡ пёҸ,вҡ пёҸ,Indicadores por CMI
417,Cumplimiento Plan Anual VicerrectorГӯa Financiera,вң…,вқҢ,вң…,вң…,вҡ пёҸ,вҡ пёҸ,Indicadores por CMI
418,Cumplimiento Plan Anual VicerrectorГӯa AcadГ©mica,вң…,вқҢ,вң…,вң…,вҡ пёҸ,вҡ пёҸ,Indicadores por CMI
419,Cumplimiento Plan Anual ГҒreas sede MedellГӯn 2023,вң…,вң…,вң…,вң…,вҡ пёҸ,вҡ пёҸ,Indicadores por CMI
420,Cumplimiento Plan Anual Gerencia de estrategia,вң…,вң…,вң…,вң…,вҡ пёҸ,вҡ пёҸ,Indicadores por CMI
421,Total Leads por canales de captaciГіn,вң…,вң…,вң…,вң…,вҡ пёҸ,вҡ пёҸ,Indicadores por CMI
422,Total conversiГіn,вң…,вң…,вң…,вң…,вҡ пёҸ,вҡ пёҸ,Indicadores por CMI
423,Brand equity,вң…,вң…,вң…,вң…,вҡ пёҸ,вҡ пёҸ,Indicadores por CMI
424,Conocimiento espontaneo,вң…,вң…,вң…,вң…,вҡ пёҸ,вҡ пёҸ,Indicadores por CMI
425,Cumplimiento Leads EducaciГіn para la vida,вң…,вң…,вң…,вң…,вҡ пёҸ,вҡ пёҸ,Indicadores por CMI
426,Cumplimiento en la respuesta a solicitudes de comu,вң…,вң…,вң…,вң…,вҡ пёҸ,вҡ пёҸ,Indicadores por CMI
82,# de rutas diseГұadas / #rutas implementadas,вң…,вң…,вң…,вң…,вҡ пёҸ,вҡ пёҸ,Indicadores por CMI
83,% de cumplimiento de implementaciГіn en cada eje,вң…,вң…,вң…,вң…,вҡ пёҸ,вҡ пёҸ,Indicadores por CMI
93,% avance plan de implementaciГіn,вң…,вң…,вң…,вң…,вҡ пёҸ,вҡ пёҸ,Indicadores por CMI
1,InnovaciГіn curricular,вң…,вң…,вң…,вң…,вҡ пёҸ,вҡ пёҸ,Indicadores por CMI
2,Plan Talento,вң…,вң…,вң…,вң…,вҡ пёҸ,вҡ пёҸ,Indicadores por CMI
3,Nuevo POLISIGS,вң…,вң…,вң…,вң…,вҡ пёҸ,вҡ пёҸ,Indicadores por CMI
4,CertificaciГіn SGA sede los Colores,вң…,вң…,вң…,вң…,вҡ пёҸ,вҡ пёҸ,Indicadores por CMI
5,Equidad de Genero,вң…,вң…,вң…,вң…,вҡ пёҸ,вҡ пёҸ,Indicadores por CMI
6,Portal Web Universitario,вң…,вң…,вң…,вң…,вҡ пёҸ,вҡ пёҸ,Indicadores por CMI
7,Data Lake Institucional,вң…,вң…,вң…,вң…,вҡ пёҸ,вҡ пёҸ,Indicadores por CMI
8,Catalogo de recursos virtuales,вң…,вң…,вң…,вң…,вҡ пёҸ,вҡ пёҸ,Indicadores por CMI
9,Monarca-Ecosistema Banner,вң…,вң…,вң…,вң…,вҡ пёҸ,вҡ пёҸ,Indicadores por CMI
10,AcreditaciГіn Institucional Sede BogotГЎ - Fase II -,вң…,вң…,вң…,вң…,вҡ пёҸ,вҡ пёҸ,Indicadores por CMI
11,CreaciГіn del Instituto de EducaciГіn para el trabaj,вң…,вң…,вң…,вң…,вҡ пёҸ,вҡ пёҸ,Indicadores por CMI
12,CreaciГіn del colegio de educaciГіn media virtual  -,вң…,вң…,вң…,вң…,вҡ пёҸ,вҡ пёҸ,Indicadores por CMI
13,DiseГұo del Modelo de Experiencia Institucional - F,вң…,вң…,вң…,вң…,вҡ пёҸ,вҡ пёҸ,Indicadores por CMI
14,Total PoblaciГіn,вң…,вң…,вң…,вқҢ,вҡ пёҸ,вҡ пёҸ,Indicadores por CMI
15,Plan anual Escuela De Ciencias Basicas,вң…,вң…,вң…,вң…,вҡ пёҸ,вҡ пёҸ,Indicadores por CMI
16,Plan anual Escuela De  DiseГұo,вң…,вң…,вң…,вң…,вҡ пёҸ,вҡ пёҸ,Indicadores por CMI
17,"Plan anual Escuela De OptimizaciГіn, Infra Y Auto",вң…,вң…,вң…,вң…,вҡ пёҸ,вҡ пёҸ,Indicadores por CMI
18,Plan anual Escuela TIC,вң…,вң…,вң…,вң…,вҡ пёҸ,вҡ пёҸ,Indicadores por CMI
19,Plan anual Escuela De AdministraciГіn y competitivi,вң…,вң…,вң…,вң…,вҡ пёҸ,вҡ пёҸ,Indicadores por CMI
20,Plan anual Escuela De Contabilidad Internacional,вң…,вң…,вң…,вң…,вҡ пёҸ,вҡ пёҸ,Indicadores por CMI
21,Plan anual Escuela De Negocios Y Desarrollo Intern,вң…,вң…,вң…,вң…,вҡ пёҸ,вҡ пёҸ,Indicadores por CMI
22,"Plan anual Escuela De Comunicaciones, Artes Visual",вң…,вң…,вң…,вң…,вҡ пёҸ,вҡ пёҸ,Indicadores por CMI
23,Plan anual Escuela De EducaciГіn E InnovaciГіn,вң…,вң…,вң…,вң…,вҡ пёҸ,вҡ пёҸ,Indicadores por CMI
24,Plan anual Escuela De Derecho Y Gobierno,вң…,вң…,вң…,вң…,вҡ пёҸ,вҡ пёҸ,Indicadores por CMI
25,Plan anual Escuela De Marketing Y Branding,вң…,вң…,вң…,вң…,вҡ пёҸ,вҡ пёҸ,Indicadores por CMI
26,"Plan anual Escuela De Psic, Talento Hum Y Soc",вң…,вң…,вң…,вң…,вҡ пёҸ,вҡ пёҸ,Indicadores por CMI
27,Plan anual VicerrectorГӯa de crecimiento,вң…,вң…,вң…,вң…,вҡ пёҸ,вҡ пёҸ,Indicadores por CMI
28,Plan anual VicerrectorГӯa del estudiante,вң…,вң…,вң…,вң…,вҡ пёҸ,вҡ пёҸ,Indicadores por CMI
29,Plan anual VicerrectorГӯa financiera,вң…,вң…,вң…,вң…,вҡ пёҸ,вҡ пёҸ,Indicadores por CMI
30,Plan anual VicerrectorГӯa academica,вң…,вң…,вң…,вң…,вҡ пёҸ,вҡ пёҸ,Indicadores por CMI
31,Plan anual Gerencia de estrategia,вң…,вқҢ,вң…,вң…,вҡ пёҸ,вҡ пёҸ,Indicadores por CMI
32,Plan anual Gerencia de talento humano y desarrollo,вң…,вң…,вң…,вң…,вҡ пёҸ,вҡ пёҸ,Indicadores por CMI
33,Plan anual Gerencia de MedellГӯn,вң…,вқҢ,вң…,вң…,вҡ пёҸ,вҡ пёҸ,Indicadores por CMI
34,Plan anual SecretarГӯa General,вң…,вң…,вң…,вң…,вҡ пёҸ,вҡ пёҸ,Indicadores por CMI
415.1,Plan anual Gerencia de operaciones,вң…,вң…,вң…,вң…,вҡ пёҸ,вҡ пёҸ,Indicadores por CMI
415.2,Plan anual Gerencia de servicio y permanencia,вң…,вң…,вң…,вң…,вҡ пёҸ,вҡ пёҸ,Indicadores por CMI
415.10,Plan anual Gerencia de tecnologГҚa e innovaciГіn dig,вң…,вң…,вң…,вң…,вҡ пёҸ,вҡ пёҸ,Indicadores por CMI
415.3,Plan anual BI y analitica,вң…,вң…,вң…,вң…,вҡ пёҸ,вҡ пёҸ,Indicadores por CMI
415.4,Plan anual Facultad registro y control,вң…,вң…,вң…,вң…,вҡ пёҸ,вҡ пёҸ,Indicadores por CMI
415.5,Plan anual DirecciГіn de experiencia e inclusiГіn,вң…,вң…,вң…,вң…,вҡ пёҸ,вҡ пёҸ,Indicadores por CMI
415.6,Plan anual Direccion bienestar universitario y hue,вң…,вң…,вң…,вң…,вҡ пёҸ,вҡ пёҸ,Indicadores por CMI
42,Plan anual Gerencia de matriculas,вң…,вң…,вң…,вң…,вҡ пёҸ,вҡ пёҸ,Indicadores por CMI
43,Plan anual Gerencia de mercadeo,вң…,вң…,вң…,вң…,вҡ пёҸ,вҡ пёҸ,Indicadores por CMI
44,Plan anual DirecciГіn de contabilidad,вң…,вң…,вң…,вң…,вҡ пёҸ,вҡ пёҸ,Indicadores por CMI
45,Plan anual DirecciГіn de infraestructura,вң…,вң…,вң…,вң…,вҡ пёҸ,вҡ пёҸ,Indicadores por CMI
46,Plan anual DirecciГіn planeaciГіn financiera y tesor,вң…,вң…,вң…,вң…,вҡ пёҸ,вҡ пёҸ,Indicadores por CMI
47,Plan anual DirecciГіn de relacionamiento de CSU,вң…,вқҢ,вң…,вң…,вҡ пёҸ,вҡ пёҸ,Indicadores por CMI
48,Plan anual Jefatura administrativa,вң…,вң…,вң…,вң…,вҡ пёҸ,вҡ пёҸ,Indicadores por CMI
49,Plan anual Jefatura de compras,вң…,вң…,вң…,вң…,вҡ пёҸ,вҡ пёҸ,Indicadores por CMI
418.1,Plan anual DirecciГіn aseguramiento de la calidad,вң…,вң…,вң…,вң…,вҡ пёҸ,вҡ пёҸ,Indicadores por CMI
418.2,Plan anual DirecciГіn investigaciГіn innovaciГіn y cr,вң…,вң…,вң…,вң…,вҡ пёҸ,вҡ пёҸ,Indicadores por CMI
418.3,Plan anual DirecciГіn relaciones nacionales e inter,вң…,вң…,вң…,вң…,вҡ пёҸ,вҡ пёҸ,Indicadores por CMI
418.4,Plan anual Secretaria academica y de extensiГіn,вң…,вң…,вң…,вң…,вҡ пёҸ,вҡ пёҸ,Indicadores por CMI
418.5,Plan anual DirecciГіn  de docencia,вң…,вң…,вң…,вң…,вҡ пёҸ,вҡ пёҸ,Indicadores por CMI
418.6,Plan anual DirecciГіn de currГӯculo presencial y vir,вң…,вң…,вң…,вң…,вҡ пёҸ,вҡ пёҸ,Indicadores por CMI
418.7,Plan anual Facultad ingenierГӯa diseГұo e innovaciГіn,вң…,вң…,вң…,вң…,вҡ пёҸ,вҡ пёҸ,Indicadores por CMI
418.8,Plan anual Facultad negocios gestiГіn y sostenibili,вң…,вң…,вң…,вң…,вҡ пёҸ,вҡ пёҸ,Indicadores por CMI
418.9,Plan anual Facultad sociedad cultura y creatividad,вң…,вң…,вң…,вң…,вҡ пёҸ,вҡ пёҸ,Indicadores por CMI
59,Plan anual FNGS-ADMON Y COMP- ADM DE EMPRESAS,вң…,вң…,вң…,вң…,вҡ пёҸ,вҡ пёҸ,Indicadores por CMI
60,Plan anual FNGS-CONTABILID INTERN-CONTADURIA,вң…,вң…,вң…,вң…,вҡ пёҸ,вҡ пёҸ,Indicadores por CMI
61,Plan anual FSCC- DERECHO Y GOBIERNO-DERECHO,вң…,вң…,вң…,вң…,вҡ пёҸ,вҡ пёҸ,Indicadores por CMI
62,Plan anual FIDI-DISEГ‘O - DISEГ‘O GRAFICO,вң…,вң…,вң…,вң…,вҡ пёҸ,вҡ пёҸ,Indicadores por CMI
63,Plan anual FIDI-TIC -INGENIERIA DE SISTEMAS,вң…,вң…,вң…,вң…,вҡ пёҸ,вҡ пёҸ,Indicadores por CMI
64,Plan anual FIDI-OPINA-INGENIERIA INDUSTRIAL,вң…,вң…,вң…,вң…,вҡ пёҸ,вҡ пёҸ,Indicadores por CMI
65,Plan anual FNGS-NEG Y DLLO INTER-NEGOCIOS INTERNAC,вң…,вң…,вң…,вң…,вҡ пёҸ,вҡ пёҸ,Indicadores por CMI
66,"Plan anual FSCC- EST.PSIC,TH Y SOC- PSICOLOGIA",вң…,вң…,вң…,вң…,вҡ пёҸ,вҡ пёҸ,Indicadores por CMI
67,Plan anual DIRECCIГ“N DE MATRГҚCULAS,вң…,вң…,вң…,вң…,вҡ пёҸ,вҡ пёҸ,Indicadores por CMI
75,Plan anual COORDINACIГ“N COMERCIAL B2G,вң…,вң…,вң…,вң…,вҡ пёҸ,вҡ пёҸ,Indicadores por CMI
76,Plan anual JEFE DE SERVICIO,вң…,вң…,вң…,вң…,вҡ пёҸ,вҡ пёҸ,Indicadores por CMI
96,"Productos de investigaciГіn, innovaciГіn y creaciГіn",вң…,вң…,вң…,вқҢ,вҡ пёҸ,вҡ пёҸ,Indicadores por CMI
14.1,Estudiantes Presencial,вң…,вң…,вң…,вң…,вҡ пёҸ,вҡ пёҸ,Indicadores por CMI
14.2,Estudiantes Virtual,вң…,вң…,вң…,вң…,вҡ пёҸ,вҡ пёҸ,Indicadores por CMI
14.3,Estudiantes Pregrado,вң…,вң…,вң…,вң…,вҡ пёҸ,вҡ пёҸ,Indicadores por CMI
14.4,Estudiantes Posgrado,вң…,вң…,вң…,вң…,вҡ пёҸ,вҡ пёҸ,Indicadores por CMI
386.1,Total Ingresos B2B,вң…,вң…,вң…,вң…,вҡ пёҸ,вҡ пёҸ,Indicadores por CMI
386.2,Total Ingresos B2G,вң…,вң…,вң…,вң…,вҡ пёҸ,вҡ пёҸ,Indicadores por CMI
386.3,Otros ingresos (Cursos -Opciones de grado),вң…,вң…,вң…,вң…,вҡ пёҸ,вҡ пёҸ,Indicadores por CMI
Med 1,Total Estudiantes  Sede MedellГӯn,вң…,вң…,вң…,вң…,вҡ пёҸ,вҡ пёҸ,Indicadores por CMI
Med 1.1,Estudiante nuevos presencial pregrado,вң…,вң…,вң…,вң…,вҡ пёҸ,вҡ пёҸ,Indicadores por CMI
Med 1.2,Estudiante nuevos presencial posgrado,вң…,вң…,вң…,вң…,вҡ пёҸ,вҡ пёҸ,Indicadores por CMI
Med 1.3,Total estudiantes nuevos presencial Medellin ,вң…,вң…,вң…,вң…,вҡ пёҸ,вҡ пёҸ,Indicadores por CMI
Med 1.4,Estudiantes antiguos presencial Medellin ,вң…,вң…,вң…,вң…,вҡ пёҸ,вҡ пёҸ,Indicadores por CMI
Med 2,Total Estudiantes Pregrado nuevos y antiguos Medel,вң…,вң…,вң…,вң…,вҡ пёҸ,вҡ пёҸ,Indicadores por CMI
Med 3,Estudiantes Postgrado antiguos,вң…,вң…,вң…,вң…,вҡ пёҸ,вҡ пёҸ,Indicadores por CMI
Med 4,Total estudiantes Postgrado antiguos y nuevos Mede,вң…,вң…,вң…,вң…,вҡ пёҸ,вҡ пёҸ,Indicadores por CMI
Med 2.1,Estudiantes virtuales pregrado nuevos ,вң…,вң…,вң…,вң…,вҡ пёҸ,вҡ пёҸ,Indicadores por CMI
Med 4.1,Estudiantes virtuales posgrado nuevos ,вң…,вң…,вң…,вң…,вҡ пёҸ,вҡ пёҸ,Indicadores por CMI
Med 2.2,Estudiantes virtuales pregrado antiguos - MedellГӯn,вң…,вң…,вң…,вң…,вҡ пёҸ,вҡ пёҸ,Indicadores por CMI
Med 4.2,Estudiantes virtuales posgrado antiguos - MedellГӯn,вң…,вң…,вң…,вң…,вҡ пёҸ,вҡ пёҸ,Indicadores por CMI
Med 5,Total Estudiantes virtuales antiguos-Antioquia,вң…,вң…,вң…,вң…,вҡ пёҸ,вҡ пёҸ,Indicadores por CMI
Med 6,Ingresos EducaciГіn para la vida,вң…,вң…,вң…,вң…,вҡ пёҸ,вҡ пёҸ,Indicadores por CMI
Med 7,SatisfacciГіn NPS,вң…,вң…,вң…,вң…,вҡ пёҸ,вҡ пёҸ,Indicadores por CMI
Med 8,Tasa de permanencia ,вң…,вң…,вң…,вң…,вҡ пёҸ,вҡ пёҸ,Indicadores por CMI
Med 9,SatisfacciГіn SSI ,вң…,вң…,вң…,вң…,вҡ пёҸ,вҡ пёҸ,Indicadores por CMI
Med 10,Total ingresos sede,вң…,вң…,вң…,вң…,вҡ пёҸ,вҡ пёҸ,Indicadores por CMI
Med 11,EBITDA sede,вң…,вң…,вң…,вң…,вҡ пёҸ,вҡ пёҸ,Indicadores por CMI
Med 12,EjecuciГіn Presupuestal ,вң…,вң…,вң…,вң…,вҡ пёҸ,вҡ пёҸ,Indicadores por CMI
Med 13,Eficiencia OPEX ,вң…,вң…,вң…,вң…,вҡ пёҸ,вҡ пёҸ,Indicadores por CMI
Med 14,Cumplimiento proyecto CertificaciГіn SGA - medellГӯn,вң…,вң…,вң…,вң…,вҡ пёҸ,вҡ пёҸ,Indicadores por CMI
Med 15,Cumplimiento del Plan Anual,вң…,вң…,вң…,вң…,вҡ пёҸ,вҡ пёҸ,Indicadores por CMI
Med 16,Convenios con impacto en ingresos adicionales,вң…,вң…,вң…,вң…,вҡ пёҸ,вҡ пёҸ,Indicadores por CMI
Med 17,MediciГіn Clima organizacional Sede - Great Place t,вң…,вң…,вң…,вң…,вҡ пёҸ,вҡ пёҸ,Indicadores por CMI
10.1,AcreditaciГіn Institucional - Fase I,вң…,вң…,вң…,вң…,вҡ пёҸ,вҡ пёҸ,Indicadores por CMI
13.1,DiseГұo del Modelo de Experiencia Institucional - F,вң…,вң…,вң…,вң…,вҡ пёҸ,вҡ пёҸ,Indicadores por CMI
97,Lanzamiento de nuevos programas presencial,вң…,вң…,вң…,вң…,вҡ пёҸ,вҡ пёҸ,Indicadores por CMI
98,Lanzamiento de nuevos programas virtual,вң…,вң…,вң…,вң…,вҡ пёҸ,вҡ пёҸ,Indicadores por CMI
427,Consumo de Agua per CГЎpita Semestral,вң…,вң…,вң…,вң…,вҡ пёҸ,вҡ пёҸ,Indicadores por CMI
428,Consumo de EnergГӯa ElГ©ctrica per CГЎpita Semestral,вң…,вң…,вң…,вң…,вҡ пёҸ,вҡ пёҸ,Indicadores por CMI
429,GeneraciГіn de Residuos SГіlidos per CГЎpita Semestra,вң…,вң…,вң…,вң…,вҡ пёҸ,вҡ пёҸ,Indicadores por CMI
430,Cumplimiento ingresos por matriculas,вң…,вң…,вң…,вң…,вҡ пёҸ,вҡ пёҸ,Indicadores por CMI
431,GestiГіn de casos de salud que impactan a los colab,вң…,вң…,вң…,вң…,вҡ пёҸ,вҡ пёҸ,Indicadores por CMI
432,IntervenciГіn a la gestiГіn del riesgo de los colabo,вң…,вң…,вң…,вң…,вҡ пёҸ,вҡ пёҸ,Indicadores por CMI
433,GeneraciГіn de Residuos Peligrosos per CГЎpita Semes,вң…,вң…,вң…,вң…,вҡ пёҸ,вҡ пёҸ,Indicadores por CMI
434,GeneraciГіn de Residuos Peligroso Mensual,вң…,вң…,вң…,вң…,вҡ пёҸ,вҡ пёҸ,Indicadores por CMI
435,DisminuciГіn de la GeneraciГіn de Residuos Peligroso,вң…,вң…,вң…,вң…,вҡ пёҸ,вҡ пёҸ,Indicadores por CMI
436,ANS documentos operativos,вң…,вң…,вң…,вң…,вҡ пёҸ,вҡ пёҸ,Indicadores por CMI
108.1,Nivel de SatisfacciГіn Servicios Prestados - Planea,вң…,вң…,вң…,вң…,вҡ пёҸ,вҡ пёҸ,Indicadores por CMI
108.3,Nivel de SatisfacciГіn Servicios Prestados - Servic,вң…,вң…,вң…,вң…,вҡ пёҸ,вҡ пёҸ,Indicadores por CMI
117,Nivel de SatisfacciГіn Servicios Prestados - GestiГі,вң…,вң…,вң…,вң…,вҡ пёҸ,вҡ пёҸ,Indicadores por CMI
109,Nivel de SatisfacciГіn Servicios Prestados - Comuni,вң…,вң…,вң…,вң…,вҡ пёҸ,вҡ пёҸ,Indicadores por CMI
108.5,Nivel de SatisfacciГіn Servicios Prestados - Admini,вң…,вң…,вң…,вң…,вҡ пёҸ,вҡ пёҸ,Indicadores por CMI
108.6,Nivel de SatisfacciГіn Servicios Prestados - Contab,вң…,вң…,вң…,вң…,вҡ пёҸ,вҡ пёҸ,Indicadores por CMI
108.7,Nivel de SatisfacciГіn Servicios Prestados - Tesore,вң…,вң…,вң…,вң…,вҡ пёҸ,вҡ пёҸ,Indicadores por CMI
108.8,Nivel de SatisfacciГіn Servicios Prestados - GestiГі,вң…,вң…,вң…,вң…,вҡ пёҸ,вҡ пёҸ,Indicadores por CMI
437,Nivel de SatisfacciГіn Servicios Prestados - GestiГі,вң…,вң…,вң…,вң…,вҡ пёҸ,вҡ пёҸ,Indicadores por CMI
108.9,Nivel de SatisfacciГіn Servicios Prestados - GestiГі,вң…,вң…,вң…,вң…,вҡ пёҸ,вҡ пёҸ,Indicadores por CMI
108.10,Nivel de SatisfacciГіn Servicios Prestados - Centro,вң…,вң…,вң…,вң…,вҡ пёҸ,вҡ пёҸ,Indicadores por CMI
108.11,Nivel de SatisfacciГіn Servicios Prestados - Desemp,вң…,вң…,вң…,вң…,вҡ пёҸ,вҡ пёҸ,Indicadores por CMI
108.15,Nivel de SatisfacciГіn Servicios Prestados - Datos ,вң…,вң…,вң…,вң…,вҡ пёҸ,вҡ пёҸ,Indicadores por CMI
108.12,Nivel de SatisfacciГіn Servicios Prestados - PrГЎcti,вң…,вң…,вң…,вң…,вҡ пёҸ,вҡ пёҸ,Indicadores por CMI
108.13,Nivel de SatisfacciГіn Servicios Prestados - Formac,вң…,вң…,вң…,вң…,вҡ пёҸ,вҡ пёҸ,Indicadores por CMI
108.14,Nivel de SatisfacciГіn Servicios Prestados - Regist,вң…,вң…,вң…,вң…,вҡ пёҸ,вҡ пёҸ,Indicadores por CMI
438,Seguimiento de asignaciГіn docente a NRC Pregrado-P,вң…,вң…,вң…,вң…,вҡ пёҸ,вҡ пёҸ,Indicadores por CMI
439,Disponibilidad de catГЎlogo de asignaturas pregrado,вң…,вң…,вң…,вң…,вҡ пёҸ,вҡ пёҸ,Indicadores por CMI
440,Aseguramiento de matricula acadГ©mica virtual,вң…,вң…,вң…,вң…,вҡ пёҸ,вҡ пёҸ,Indicadores por CMI
999,Presupuesto nomina docente,вң…,вң…,вң…,вң…,вҡ пёҸ,вҡ пёҸ,Indicadores por CMI
998,Renovaciones de Registro Calificado Radicadas en e,вң…,вң…,вң…,вң…,вҡ пёҸ,вҡ пёҸ,Indicadores por CMI
441,Cumplimiento a cronograma de proyectos 2024,вң…,вң…,вң…,вң…,вҡ пёҸ,вҡ пёҸ,Indicadores por CMI
442,ParticipaciГіn de docentes invitados en eventos aca,вң…,вң…,вң…,вң…,вҡ пёҸ,вҡ пёҸ,Indicadores por CMI
443,ParticipaciГіn de estudiantes invitados en eventos ,вң…,вң…,вң…,вң…,вҡ пёҸ,вҡ пёҸ,Indicadores por CMI
444,CES Proceso de grados,вң…,вң…,вң…,вң…,вҡ пёҸ,вҡ пёҸ,Indicadores por CMI
445,Oportunidad Tiempos de respuesta solicitud de cert,вң…,вң…,вң…,вң…,вҡ пёҸ,вҡ пёҸ,Indicadores por CMI
446,Oportunidad Tiempos de respuesta homologaciones,вң…,вң…,вң…,вң…,вҡ пёҸ,вҡ пёҸ,Indicadores por CMI
447,ParticipaciГіn en actividades culturales,вң…,вң…,вң…,вң…,вҡ пёҸ,вҡ пёҸ,Indicadores por CMI
448,ParticipaciГіn en actividades de formaciГіn,вң…,вң…,вң…,вң…,вҡ пёҸ,вҡ пёҸ,Indicadores por CMI
449,Cumplimiento de planes de monitoreo en la gestiГіn ,вң…,вң…,вң…,вң…,вҡ пёҸ,вҡ пёҸ,Indicadores por CMI
450,Riesgos Materializados,вң…,вң…,вң…,вң…,вҡ пёҸ,вҡ пёҸ,Indicadores por CMI
451,% ParticipaciГіn de publicaciones positiva,вң…,вң…,вң…,вң…,вҡ пёҸ,вҡ пёҸ,Indicadores por CMI
452,Seguimiento a eventos internos y externos instituc,вң…,вң…,вң…,вң…,вҡ пёҸ,вҡ пёҸ,Indicadores por CMI
453,NГәmero de cursos diseГұados,вң…,вң…,вң…,вң…,вҡ пёҸ,вҡ пёҸ,Indicadores por CMI
454,SatisfacciГіn de la calidad del contenido,вң…,вң…,вң…,вң…,вҡ пёҸ,вҡ пёҸ,Indicadores por CMI
455,ANS DiseГұo de contenidos virtuales,вң…,вң…,вң…,вң…,вҡ пёҸ,вҡ пёҸ,Indicadores por CMI
456,Impacto de campaГұas de Mailing,вң…,вң…,вң…,вң…,вҡ пёҸ,вҡ пёҸ,Indicadores por CMI
457,Apertura de enlaces en mensajes de texto,вң…,вң…,вң…,вң…,вҡ пёҸ,вҡ пёҸ,Indicadores por CMI
458,Visitas a Pagina Web,вң…,вң…,вң…,вң…,вҡ пёҸ,вҡ пёҸ,Indicadores por CMI
459,NГәmero de publicaciones e historias,вң…,вң…,вң…,вң…,вҡ пёҸ,вҡ пёҸ,Indicadores por CMI
460,% de profesores (Contrato Indefinido- Fijo) impact,вң…,вң…,вң…,вң…,вҡ пёҸ,вҡ пёҸ,Indicadores por CMI
462,Nivel Esfuerzo Editorial,вң…,вң…,вң…,вң…,вҡ пёҸ,вҡ пёҸ,Indicadores por CMI
463,Cumplimiento de las acciones del Plan de mejoramie,вң…,вң…,вң…,вң…,вҡ пёҸ,вҡ пёҸ,Indicadores por CMI
464,Impacto en Redes Sociales por Tipo de Red Social,вң…,вң…,вң…,вң…,вҡ пёҸ,вҡ пёҸ,Indicadores por CMI
465,% de depuraciГіn histГіrico  SNIES,вң…,вң…,вң…,вң…,вҡ пёҸ,вҡ пёҸ,Indicadores por CMI
466,NPS Estudiantes,вң…,вң…,вң…,вң…,вҡ пёҸ,вҡ пёҸ,Indicadores por CMI
467,NPS Graduados,вң…,вң…,вң…,вң…,вҡ пёҸ,вҡ пёҸ,Indicadores por CMI
468,CES General,вң…,вң…,вң…,вң…,вҡ пёҸ,вҡ пёҸ,Indicadores por CMI
469,Cumplimiento Plan Anual ГҒreas sede MedellГӯn,вң…,вң…,вң…,вң…,вҡ пёҸ,вҡ пёҸ,Indicadores por CMI
470,Cumplimiento plan anual Secretaria acadГ©mica y de ,вң…,вң…,вң…,вң…,вҡ пёҸ,вҡ пёҸ,Indicadores por CMI
471,Cumplimiento plan anual Gerencia de Talento Humano,вң…,вң…,вң…,вң…,вҡ пёҸ,вҡ пёҸ,Indicadores por CMI
472,Cobertura de RecolecciГіn de Variables ADA (Arquite,вң…,вң…,вң…,вң…,вҡ пёҸ,вҡ пёҸ,Indicadores por CMI
900,Experiencia Institucional - Fase 3- Hub de experie,вң…,вң…,вң…,вң…,вҡ пёҸ,вҡ пёҸ,Indicadores por CMI
901,Centro de Idiomas Fase I - Stand By,вң…,вң…,вң…,вң…,вҡ пёҸ,вҡ пёҸ,Indicadores por CMI
902,CREA Centro de Recursos y Experiencias para el apr,вң…,вң…,вң…,вң…,вҡ пёҸ,вҡ пёҸ,Indicadores por CMI
903,MigraciГіn modelo de transporte rotativo,вң…,вң…,вң…,вң…,вҡ пёҸ,вҡ пёҸ,Indicadores por CMI
904,Ecosistema E3,вң…,вң…,вң…,вң…,вҡ пёҸ,вҡ пёҸ,Indicadores por CMI
905,Habilidades Poderosas,вң…,вң…,вң…,вң…,вҡ пёҸ,вҡ пёҸ,Indicadores por CMI
906,Ser PRO,вң…,вң…,вң…,вң…,вҡ пёҸ,вҡ пёҸ,Indicadores por CMI
907,Cultura de una buena docencia,вң…,вң…,вң…,вң…,вҡ пёҸ,вҡ пёҸ,Indicadores por CMI
908,Proyecto Silver,вң…,вң…,вң…,вң…,вҡ пёҸ,вҡ пёҸ,Indicadores por CMI
473,Programas con alineaciГіn curricular,вң…,вң…,вң…,вң…,вҡ пёҸ,вҡ пёҸ,Indicadores por CMI
Prov-1,Valor acadГ©mico agregado ,вң…,вң…,вң…,вң…,вҡ пёҸ,вҡ пёҸ,Indicadores por CMI
Prov-2,Aporte relativo,вң…,вң…,вң…,вң…,вҡ пёҸ,вҡ пёҸ,Indicadores por CMI
Prov-3,NВ° Programas con nuevo modelo evaluativo implement,вң…,вң…,вң…,вң…,вҡ пёҸ,вҡ пёҸ,Indicadores por CMI
Prov-4,Programas en modalidad virtual y hibrida en 2025,вң…,вң…,вң…,вң…,вҡ пёҸ,вҡ пёҸ,Indicadores por CMI
Prov-5,NГәmero de cursos  con microcertificaciГіn,вң…,вң…,вң…,вң…,вҡ пёҸ,вҡ пёҸ,Indicadores por CMI
11.1,NГәmero de programas registrados en la SED,вң…,вң…,вң…,вң…,вҡ пёҸ,вҡ пёҸ,Indicadores por CMI
Prov-7,NГәmero de estudiantes matriculados  IEDTH,вң…,вң…,вң…,вң…,вҡ пёҸ,вҡ пёҸ,Indicadores por CMI
Prov-8,ГҚndice de Permanencia Docente (NPS),вң…,вң…,вң…,вң…,вҡ пёҸ,вҡ пёҸ,Indicadores por CMI
Prov-9,ГҚndice de Permanencia Administrativos (NPS),вң…,вң…,вң…,вң…,вҡ пёҸ,вҡ пёҸ,Indicadores por CMI
Prov-10,DiseГұo del Gobierno de IT,вң…,вң…,вң…,вң…,вҡ пёҸ,вҡ пёҸ,Indicadores por CMI
Prov-11,Arquitectura de Microservicios,вң…,вң…,вң…,вң…,вҡ пёҸ,вҡ пёҸ,Indicadores por CMI
Prov-12,Smart Assistant,вң…,вң…,вң…,вң…,вҡ пёҸ,вҡ пёҸ,Indicadores por CMI
Prov-13,OptimizaciГіn de procesos del ciclo de vida del est,вң…,вң…,вң…,вң…,вҡ пёҸ,вҡ пёҸ,Indicadores por CMI
Prov-14,Cumplimiento proyecto creaciГіn del centro de excel,вң…,вң…,вң…,вң…,вҡ пёҸ,вҡ пёҸ,Indicadores por CMI
Prov-15,ГҜndice de madurez analГӯtica institucional y  por p,вң…,вң…,вң…,вң…,вҡ пёҸ,вҡ пёҸ,Indicadores por CMI
Prov-16,DesempeГұo de Modelos (Machine Learning - IA),вң…,вң…,вң…,вң…,вҡ пёҸ,вҡ пёҸ,Indicadores por CMI
420.1,Plan anual SGC,вң…,вң…,вң…,вң…,вҡ пёҸ,вҡ пёҸ,Indicadores por CMI
420.2,Plan anual SGA,вң…,вң…,вң…,вң…,вҡ пёҸ,вҡ пёҸ,Indicadores por CMI
420.3,Plan anual Riesgos,вң…,вң…,вң…,вң…,вҡ пёҸ,вҡ пёҸ,Indicadores por CMI
420.4,Plan anual AuditorГӯa,вң…,вң…,вң…,вң…,вҡ пёҸ,вҡ пёҸ,Indicadores por CMI
420.5,Plan anual Direccionamiento estratГ©gico,вң…,вң…,вң…,вң…,вҡ пёҸ,вҡ пёҸ,Indicadores por CMI
415.7,Plan anual Director de gobierno digital,вң…,вң…,вң…,вң…,вҡ пёҸ,вҡ пёҸ,Indicadores por CMI
415.8,Plan anual Gerente de innovaciГіn y producto,вң…,вқҢ,вң…,вң…,вҡ пёҸ,вҡ пёҸ,Indicadores por CMI
415.9,Plan anual DirecciГіn de desarrollo e innovaciГіn,вң…,вң…,вң…,вң…,вҡ пёҸ,вҡ пёҸ,Indicadores por CMI
415.14,Plan anual Director de operaciones IT,вң…,вң…,вң…,вң…,вҡ пёҸ,вҡ пёҸ,Indicadores por CMI
415.11,Plan anual Director de operaciones integrales,вң…,вң…,вң…,вң…,вҡ пёҸ,вҡ пёҸ,Indicadores por CMI
415.12,Plan anual Director de permanencia,вң…,вң…,вң…,вң…,вҡ пёҸ,вҡ пёҸ,Indicadores por CMI
415.13,Plan anual Director de servicio,вң…,вң…,вң…,вң…,вҡ пёҸ,вҡ пёҸ,Indicadores por CMI
484,Cumplimiento del Programa de la Cultura del Autocu,вң…,вң…,вң…,вң…,вҡ пёҸ,вҡ пёҸ,Indicadores por CMI
476,Programas con resultados de aprendizaje definidos,вң…,вң…,вң…,вң…,вҡ пёҸ,вҡ пёҸ,Indicadores por CMI
474,Programas con planes de estudios definidos por esc,вң…,вң…,вң…,вң…,вҡ пёҸ,вҡ пёҸ,Indicadores por CMI
525,Ingresos totales de educaciГіn para la vida ,вң…,вң…,вң…,вң…,вҡ пёҸ,вҡ пёҸ,Indicadores por CMI
525.1,Total Ingresos B2B- B2C,вң…,вң…,вң…,вң…,вҡ пёҸ,вҡ пёҸ,Indicadores por CMI
525.2,Total Ingresos B2G ,вң…,вң…,вң…,вң…,вҡ пёҸ,вҡ пёҸ,Indicadores por CMI
525.3,Total ingresos Opciones de grado,вң…,вң…,вң…,вң…,вҡ пёҸ,вҡ пёҸ,Indicadores por CMI
909,AcreditaciГіn Institucional  Fase III - Etapa de ev,вң…,вң…,вң…,вң…,вҡ пёҸ,вҡ пёҸ,Indicadores por CMI
910,"Fortalecimiento de la investigacion, la innovaciГіn",вң…,вң…,вң…,вң…,вҡ пёҸ,вҡ пёҸ,Indicadores por CMI
911,Fortalecimiento de planta docente,вң…,вң…,вң…,вң…,вҡ пёҸ,вҡ пёҸ,Indicadores por CMI
912,Plataforma de gestiГіn de la informaciГіn curricular,вң…,вң…,вң…,вң…,вҡ пёҸ,вҡ пёҸ,Indicadores por CMI
913,ActualizaciГіn de TRD y creaciГіn del Plan de gestiГі,вң…,вң…,вң…,вң…,вҡ пёҸ,вҡ пёҸ,Indicadores por CMI
914,ADN Poli,вң…,вң…,вң…,вң…,вҡ пёҸ,вҡ пёҸ,Indicadores por CMI
915,Gobierno de datos,вң…,вң…,вң…,вң…,вҡ пёҸ,вҡ пёҸ,Indicadores por CMI
916,Herramientas de GestiГіn para el mejoramiento conti,вң…,вң…,вң…,вң…,вҡ пёҸ,вҡ пёҸ,Indicadores por CMI
917,Ilumno Self Service S&P,вң…,вң…,вң…,вң…,вҡ пёҸ,вҡ пёҸ,Indicadores por CMI
918,ReingenierГӯa de aplicaciones,вң…,вң…,вң…,вң…,вҡ пёҸ,вҡ пёҸ,Indicadores por CMI
919,SOPHIA Sistema de optimizaciГіn y programaciГіn hora,вң…,вң…,вң…,вң…,вҡ пёҸ,вҡ пёҸ,Indicadores por CMI
920,Hubspot CRM,вң…,вң…,вң…,вң…,вҡ пёҸ,вҡ пёҸ,Indicadores por CMI
921,Prime,вң…,вң…,вң…,вң…,вҡ пёҸ,вҡ пёҸ,Indicadores por CMI
922,Proyecto de permanencia institucional,вң…,вң…,вң…,вң…,вҡ пёҸ,вҡ пёҸ,Indicadores por CMI
923,Centro GastronГіmico,вң…,вң…,вң…,вң…,вҡ пёҸ,вҡ пёҸ,Indicadores por CMI
924,Modelo de seguimiento al graduado,вң…,вң…,вң…,вң…,вҡ пёҸ,вҡ пёҸ,Indicadores por CMI
925,Pricing,вң…,вң…,вң…,вң…,вҡ пёҸ,вҡ пёҸ,Indicadores por CMI
487,NГәmero Impactados Talleres de formaciГіn,вң…,вң…,вң…,вң…,вҡ пёҸ,вҡ пёҸ,Indicadores por CMI
490,Nivel de SatisfacciГіn Servicios Prestados - Planea,вң…,вң…,вң…,вң…,вҡ пёҸ,вҡ пёҸ,Indicadores por CMI
491,Nivel de SatisfacciГіn Servicios Prestados - GestiГі,вң…,вң…,вң…,вң…,вҡ пёҸ,вҡ пёҸ,Indicadores por CMI
492,Nivel de SatisfacciГіn Servicios Prestados - Desemp,вң…,вң…,вң…,вң…,вҡ пёҸ,вҡ пёҸ,Indicadores por CMI
493,Nivel de SatisfacciГіn Servicios Prestados - GestiГі,вң…,вң…,вң…,вң…,вҡ пёҸ,вҡ пёҸ,Indicadores por CMI
494,Nivel de SatisfacciГіn Servicios Prestados - Admini,вң…,вң…,вң…,вң…,вҡ пёҸ,вҡ пёҸ,Indicadores por CMI
495,Nivel de SatisfacciГіn Servicios Prestados - Contab,вң…,вң…,вң…,вң…,вҡ пёҸ,вҡ пёҸ,Indicadores por CMI
496,Nivel de SatisfacciГіn Servicios Prestados - Planea,вң…,вң…,вң…,вң…,вҡ пёҸ,вҡ пёҸ,Indicadores por CMI
498,Nivel de SatisfacciГіn Servicios Prestados - Centro,вң…,вң…,вң…,вң…,вҡ пёҸ,вҡ пёҸ,Indicadores por CMI
499,Nivel de SatisfacciГіn Servicios Prestados - Datos ,вң…,вң…,вң…,вң…,вҡ пёҸ,вҡ пёҸ,Indicadores por CMI
500,Nivel de SatisfacciГіn Servicios Prestados -Servici,вң…,вң…,вң…,вң…,вҡ пёҸ,вҡ пёҸ,Indicadores por CMI
501,Nivel de SatisfacciГіn Servicios Prestados -GestiГіn,вң…,вң…,вң…,вң…,вҡ пёҸ,вҡ пёҸ,Indicadores por CMI
502,Nivel de SatisfacciГіn Servicios Prestados -Formaci,вң…,вң…,вң…,вң…,вҡ пёҸ,вҡ пёҸ,Indicadores por CMI
503,Nivel de SatisfacciГіn Servicios Prestados -GestiГіn,вң…,вң…,вң…,вң…,вҡ пёҸ,вҡ пёҸ,Indicadores por CMI
504,Nivel de SatisfacciГіn Servicios Prestados - LEI,вң…,вң…,вң…,вң…,вҡ пёҸ,вҡ пёҸ,Indicadores por CMI
505,Nivel de SatisfacciГіn Servicios Prestados - Mercad,вң…,вң…,вң…,вң…,вҡ пёҸ,вҡ пёҸ,Indicadores por CMI
508,Nivel de SatisfacciГіn Servicios Prestados - DiseГұo,вң…,вң…,вң…,вң…,вҡ пёҸ,вҡ пёҸ,Indicadores por CMI
522,Asignaturas o modulos con mecanismos de evaluaciГіn,вң…,вң…,вң…,вң…,вҡ пёҸ,вҡ пёҸ,Indicadores por CMI
527,ParticipaciГіn de Grupos de InterГ©s en la construcc,вң…,вң…,вң…,вң…,вҡ пёҸ,вҡ пёҸ,Indicadores por CMI
528,ParticipaciГіn de la comunidad en balance instituci,вң…,вң…,вң…,вң…,вҡ пёҸ,вҡ пёҸ,Indicadores por CMI
541,ParticipaciГіn de graduados en actividades de emple,вң…,вң…,вң…,вң…,вҡ пёҸ,вҡ пёҸ,Indicadores por CMI
542,Tasa de cotizaciГіn del graduado - Metrica,вң…,вң…,вң…,вң…,вҡ пёҸ,вҡ пёҸ,Indicadores por CMI
546,Tasa de participaciГіn de graduados en instrumentos,вң…,вң…,вң…,вң…,вҡ пёҸ,вҡ пёҸ,Indicadores por CMI
547,Nivel de satisfacciГіn del graduado con la instituc,вң…,вң…,вң…,вң…,вҡ пёҸ,вҡ пёҸ,Indicadores por CMI
552,Nivel de SatisfacciГіn Servicios Prestados -GestiГіn,вң…,вң…,вң…,вң…,вҡ пёҸ,вҡ пёҸ,Indicadores por CMI
553,Nivel de SatisfacciГіn Servicios Prestados -Inscrip,вң…,вң…,вң…,вң…,вҡ пёҸ,вҡ пёҸ,Indicadores por CMI
556,Cumplimiento Plan de formaciГіn Institucional,вң…,вң…,вң…,вң…,вҡ пёҸ,вҡ пёҸ,Indicadores por CMI
485,Oportunidad en el cierre de acciones,вң…,вң…,вң…,вң…,вҡ пёҸ,вҡ пёҸ,Indicadores por CMI
488,Oportunidad en el cierre de actividades de los pla,вң…,вң…,вң…,вң…,вҡ пёҸ,вҡ пёҸ,Indicadores por CMI
509,Cumplimiento a cronograma de proyectos 2025 - Elim,вң…,вң…,вң…,вң…,вҡ пёҸ,вҡ пёҸ,Indicadores por CMI
475,NГәmero de renovaciones de registro calificado radi,вң…,вң…,вң…,вң…,вҡ пёҸ,вҡ пёҸ,Indicadores por CMI
477,Programas con planes de estudios definidos por esc,вң…,вң…,вң…,вң…,вҡ пёҸ,вҡ пёҸ,Indicadores por CMI
478,Programas con planes de estudios definidos por esc,вң…,вң…,вң…,вң…,вҡ пёҸ,вҡ пёҸ,Indicadores por CMI
479,Programas con resultados de aprendizaje definidos ,вң…,вң…,вң…,вң…,вҡ пёҸ,вҡ пёҸ,Indicadores por CMI
480,Programas con resultados de aprendizaje definidos ,вң…,вң…,вң…,вң…,вҡ пёҸ,вҡ пёҸ,Indicadores por CMI
481,Solicitudes de documentaciГіn completadas,вң…,вң…,вң…,вң…,вҡ пёҸ,вҡ пёҸ,Indicadores por CMI
486,NГәmero de visitas a la pГЎgina web,вң…,вң…,вң…,вң…,вҡ пёҸ,вҡ пёҸ,Indicadores por CMI
506,Nivel de SatisfacciГіn Servicios Prestados - PrГЎcti,вң…,вң…,вң…,вң…,вҡ пёҸ,вҡ пёҸ,Indicadores por CMI
507,Nivel de SatisfacciГіn Servicios Prestados -Cultura,вң…,вң…,вң…,вң…,вҡ пёҸ,вҡ пёҸ,Indicadores por CMI
514,Respuesta ante nuevas necesidades de control,вң…,вң…,вң…,вң…,вҡ пёҸ,вҡ пёҸ,Indicadores por CMI
515,Porcentaje de procesos de control implementados,вң…,вң…,вң…,вң…,вҡ пёҸ,вҡ пёҸ,Indicadores por CMI
516,Porcentaje de colaboradores formados en cibersegur,вң…,вң…,вң…,вң…,вҡ пёҸ,вҡ пёҸ,Indicadores por CMI
519,% de publicaciones con sentimiento neutro o negati,вң…,вң…,вң…,вң…,вҡ пёҸ,вҡ пёҸ,Indicadores por CMI
523,Ingresos totales de educaciГіn para la vida,вң…,вң…,вң…,вң…,вҡ пёҸ,вҡ пёҸ,Indicadores por CMI
524,Total Leads por canales de captaciГіn,вң…,вң…,вң…,вң…,вҡ пёҸ,вҡ пёҸ,Indicadores por CMI
530,ГҚndice de Cumplimiento del Sprint,вң…,вң…,вң…,вң…,вҡ пёҸ,вҡ пёҸ,Indicadores por CMI
531,Eficiencia de capacidad instalada,вң…,вң…,вң…,вң…,вҡ пёҸ,вҡ пёҸ,Indicadores por CMI
532,Actividades de CooperaciГіn en InternacionalizaciГіn,вң…,вң…,вң…,вң…,вҡ пёҸ,вҡ пёҸ,Indicadores por CMI
533,ParticipaciГіn de estudiantes externos invitados a ,вң…,вң…,вң…,вң…,вҡ пёҸ,вҡ пёҸ,Indicadores por CMI
534,ParticipaciГіn de estudiantes POLI en actividades d,вң…,вң…,вң…,вң…,вҡ пёҸ,вҡ пёҸ,Indicadores por CMI
535,ParticipaciГіn de profesores externos invitados a a,вң…,вң…,вң…,вң…,вҡ пёҸ,вҡ пёҸ,Indicadores por CMI
536,ParticipaciГіn de profesores POLI en actividades de,вң…,вң…,вң…,вң…,вҡ пёҸ,вҡ пёҸ,Indicadores por CMI
537,FCR- ResoluciГіn en primer contacto,вң…,вң…,вң…,вң…,вҡ пёҸ,вҡ пёҸ,Indicadores por CMI
538,Cumplimiento de sesiones de socializaciГіn de plane,вң…,вң…,вң…,вң…,вҡ пёҸ,вҡ пёҸ,Indicadores por CMI
539,CES emisiГіn de certificados,вң…,вң…,вң…,вң…,вҡ пёҸ,вҡ пёҸ,Indicadores por CMI
540,Nivel de Calidad de los Datos Cargados al SNIES,вң…,вң…,вң…,вң…,вҡ пёҸ,вҡ пёҸ,Indicadores por CMI
543,Tasa de interacciГіn por usuario,вң…,вң…,вң…,вң…,вҡ пёҸ,вҡ пёҸ,Indicadores por CMI
544,ProducciГіn de ambientes inmersivos LEI,вң…,вң…,вң…,вң…,вҡ пёҸ,вҡ пёҸ,Indicadores por CMI
550,Nivel de satisfacciГіn con las actividades de forma,вң…,вң…,вң…,вң…,вҡ пёҸ,вҡ пёҸ,Indicadores por CMI
551,EvaluaciГіn del desempeГұo de los mentores,вң…,вң…,вң…,вң…,вҡ пёҸ,вҡ пёҸ,Indicadores por CMI
554,Nivel de SatisfacciГіn Servicios Prestados -Permane,вң…,вң…,вң…,вң…,вҡ пёҸ,вҡ пёҸ,Indicadores por CMI
555,Nivel de SatisfacciГіn Servicios Prestados -Mercade,вң…,вң…,вң…,вң…,вҡ пёҸ,вҡ пёҸ,Indicadores por CMI
510,Frecuencia de incidentes de riesgos,вң…,вң…,вң…,вң…,вҡ пёҸ,вҡ пёҸ,Indicadores por CMI
511,Eficacia de controles,вң…,вң…,вң…,вң…,вҡ пёҸ,вҡ пёҸ,Indicadores por CMI
513,Nivel de cumplimiento del plan de seguimiento a co,вң…,вң…,вң…,вң…,вҡ пёҸ,вҡ пёҸ,Indicadores por CMI
518,Cumplimiento programa de auditorГӯa,вң…,вң…,вң…,вң…,вҡ пёҸ,вҡ пёҸ,Indicadores por CMI
526,Cumplimiento Politica Polisigs,вң…,вң…,вң…,вң…,вҡ пёҸ,вҡ пёҸ,Indicadores por CMI
529,Oportunidad en la soluciГіn de solicitudes de infra,вң…,вң…,вң…,вң…,вҡ пёҸ,вҡ пёҸ,Indicadores por CMI
928,Fortalecimiento del proceso de visibilidad naciona,вң…,вң…,вң…,вң…,вҡ пёҸ,вҡ пёҸ,Indicadores por CMI
927,Sistema de mediciГіn de resultados de aprendizaje,вң…,вң…,вң…,вң…,вҡ пёҸ,вҡ пёҸ,Indicadores por CMI
926,TitulaciГіn Autogestionada,вң…,вң…,вң…,вң…,вҡ пёҸ,вҡ пёҸ,Indicadores por CMI
967,Coherencia y Pertinencia de la MisiГіn Instituciona,вң…,вң…,вң…,вң…,вҡ пёҸ,вҡ пёҸ,Indicadores por CMI
976,NГәmero de visitas al informe se sostenibilidad por,вң…,вң…,вң…,вң…,вҡ пёҸ,вҡ пёҸ,Indicadores por CMI
978,Tasa de cancelaciГіn de retos estratГ©gicos,вң…,вң…,вң…,вң…,вҡ пёҸ,вҡ пёҸ,Indicadores por CMI
969,Oportunidad en tiempos de fase inicio,вң…,вң…,вң…,вң…,вҡ пёҸ,вҡ пёҸ,Indicadores por CMI
970,Oportunidad en tiempo de fase de cierre,вң…,вң…,вң…,вң…,вҡ пёҸ,вҡ пёҸ,Indicadores por CMI
972,Seguimiento a ejecuciГіn presupuestal de los proyec,вң…,вң…,вң…,вң…,вҡ пёҸ,вҡ пёҸ,Indicadores por CMI
973,ГҚndice de riesgos materializados en proyectos (Met,вң…,вң…,вң…,вң…,вҡ пёҸ,вҡ пёҸ,Indicadores por CMI
800,Nivel de SatisfacciГіn estudios internos,вң…,вң…,вң…,вң…,вҡ пёҸ,вҡ пёҸ,Indicadores por CMI
974,Tiempo promedio de ciclo de un estudio (desde soli,вң…,вң…,вң…,вң…,вҡ пёҸ,вҡ пёҸ,Indicadores por CMI
975,Nivel de cumplimiento de tamaГұos muestrales por gr,вң…,вң…,вң…,вң…,вҡ пёҸ,вҡ пёҸ,Indicadores por CMI
977,ГҚndice de oportunidad en el reporte de indicadores,вң…,вң…,вң…,вң…,вҡ пёҸ,вҡ пёҸ,Indicadores por CMI
979,ГҚndice de confiabilidad y consistencia de datos de,вң…,вң…,вң…,вң…,вҡ пёҸ,вҡ пёҸ,Indicadores por CMI
53,Eficacia en planes de acciГіn implementados,вң…,вң…,вң…,вқҢ,вң…,вң…,Ficha TГ©cnica
54,CALIDAD DE AGUA POTABLE SEDE CAMPUS,вң…,вң…,вң…,вқҢ,вң…,вң…,Ficha TГ©cnica
56,"	
CONSUMO DE PAPEL SEDE CAMPUS",вң…,вң…,вң…,вқҢ,вң…,вң…,Ficha TГ©cnica
58,EBITDA,вң…,вң…,вң…,вң…,вң…,вң…,Ficha TГ©cnica
70,EjecuciГіn presupuestal CAPEX Infraestructura,вң…,вң…,вң…,вқҢ,вқҢ,вң…,Ficha TГ©cnica
71,EjecuciГіn presupuestal OPEX infraestructura,вң…,вң…,вң…,вқҢ,вқҢ,вң…,Ficha TГ©cnica
131,Movilidad  Saliente ,вң…,вң…,вң…,вң…,вң…,вң…,Ficha TГ©cnica
132,Movilidad  Entrante ,вң…,вң…,вң…,вң…,вң…,вң…,Ficha TГ©cnica
134,COMPENSACIГ“N HUELLA DE CARBONO SEDE CAMPUS,вң…,вң…,вң…,вқҢ,вң…,вң…,Ficha TГ©cnica
135,Nivel de cumplimiento de la gestiГіn de internacion,вң…,вң…,вң…,вң…,вң…,вң…,Ficha TГ©cnica
140,EjecuciГіn presupuestal del CAPEX,вң…,вң…,вң…,вң…,вқҢ,вң…,Ficha TГ©cnica
141,Cumplimiento Semana 0 - Pregrado,вң…,вң…,вң…,вң…,вң…,вң…,Ficha TГ©cnica
142,Cumplimiento semana 0 - Postgrado,вң…,вң…,вң…,вң…,вң…,вң…,Ficha TГ©cnica
152,APLICACIГ“N EVALUACIГ“N DESEMPEГ‘O PROVEEDORES,вң…,вң…,вң…,вқҢ,вң…,вң…,Ficha TГ©cnica
153,AmpliaciГіn del alcance de la certificaciГіn ISO 900,вң…,вң…,вң…,вң…,вң…,вң…,Ficha TГ©cnica
154,Seguimiento Plan de desarrollo Institucional,вң…,вң…,вң…,вң…,вң…,вң…,Ficha TГ©cnica
158,Proyectos editoriales de investigaciГіn e innovaciГі,вң…,вң…,вң…,вң…,вң…,вң…,Ficha TГ©cnica
160,VALORIZACIГ“N DE RESIDUOS CONVENCIONALES SEDE CAMPU,вң…,вң…,вң…,вқҢ,вң…,вң…,Ficha TГ©cnica
161,VALORIZACIГ“N DE RESIDUOS PELIGROSOS SEDE CAMPUS,вң…,вң…,вң…,вқҢ,вң…,вң…,Ficha TГ©cnica
162,GASES EFECTO INVERNADERO SEDE CAMPUS,вң…,вң…,вң…,вқҢ,вң…,вң…,Ficha TГ©cnica
163,ParticipaciГіn estudiantes eventos acadГ©micos inter,вң…,вң…,вң…,вң…,вң…,вң…,Ficha TГ©cnica
164,ParticipaciГіn docentes eventos acadГ©micos internac,вң…,вң…,вң…,вң…,вң…,вң…,Ficha TГ©cnica
168,CUMPLIMIENTO DE GESTIГ“N DE PROYECTOS,вң…,вң…,вң…,вң…,вң…,вң…,Ficha TГ©cnica
175,CUMPLIMIENTO DE CRONOGRAMA GESTIГ“N DE RESIDUOS,вң…,вң…,вң…,вқҢ,вң…,вң…,Ficha TГ©cnica
177,CUMPLIMIENTO DE REQUISITOS DE LA NORMATIVIDAD AMBI,вң…,вң…,вң…,вқҢ,вң…,вң…,Ficha TГ©cnica
178,CALIDAD DE AGUA POTABLE SEDE CITY CAMPUS,вң…,вң…,вң…,вқҢ,вң…,вң…,Ficha TГ©cnica
179,CONSUMO DE PAPEL SEDE CITY CAMPUS,вң…,вң…,вң…,вқҢ,вң…,вң…,Ficha TГ©cnica
180,CONSUMO ENERGГҚA ELГүCTRICA SEDE CITY CAMPUS,вң…,вң…,вң…,вқҢ,вң…,вң…,Ficha TГ©cnica
181,GESTIГ“N DEL AIRE SEDE CITY CAMPUS,вң…,вң…,вң…,вқҢ,вң…,вң…,Ficha TГ©cnica
182,MANTENIMIENTO DISEГ‘O PAISAJГҚSTICO SEDE CITY CAMPUS,вң…,вң…,вң…,вқҢ,вң…,вң…,Ficha TГ©cnica
185,CUMPLIMIENTO SGA SEDE CITY CAMPUS,вң…,вң…,вң…,вқҢ,вң…,вң…,Ficha TГ©cnica
186,CONSUMO DE AGUA SEDE CITY CAMPUS,вң…,вң…,вң…,вқҢ,вң…,вң…,Ficha TГ©cnica
188,COMPENSACIГ“N HUELLA DE CARBONO SEDE CITY CAMPUS,вң…,вң…,вң…,вқҢ,вң…,вң…,Ficha TГ©cnica
189,VALORIZACIГ“N DE RESIDUOS CONVENCIONALES SEDE CITY ,вң…,вң…,вң…,вқҢ,вң…,вң…,Ficha TГ©cnica
190,VALORIZACIГ“N DE RESIDUOS PELIGROSOS SEDE CITY CAMP,вң…,вң…,вң…,вқҢ,вң…,вң…,Ficha TГ©cnica
191,GASES EFECTO INVERNADERO SEDE CITY CAMPUS,вң…,вң…,вң…,вқҢ,вң…,вң…,Ficha TГ©cnica
192,ACTIVIDADES MANEJO INTEGRAL DE RESIDUOS SEDE CITY ,вң…,вң…,вң…,вқҢ,вң…,вң…,Ficha TГ©cnica
198,Proyectos TecnolГіgicos,вң…,вң…,вң…,вң…,вң…,вң…,Ficha TГ©cnica
209,Consumo de Agua m3 Campus,вң…,вң…,вң…,вң…,вң…,вң…,Ficha TГ©cnica
250,Cumplimiento de cronograma de reportes de planes a,вң…,вң…,вң…,вң…,вң…,вң…,Ficha TГ©cnica
258,NВ° de publicaciones incluidas para indexaciГіn,вң…,вң…,вң…,вң…,вң…,вң…,Ficha TГ©cnica
299,VariaciГіn del presupuesto asignado a los proyectos,вң…,вң…,вң…,вң…,вң…,вң…,Ficha TГ©cnica
322,Cumplimiento Total estudiantes antiguos,вң…,вң…,вң…,вң…,вң…,вң…,Ficha TГ©cnica
330,Espacios de apropiaciГіn de la polГӯtica de graduado,вң…,вң…,вң…,вң…,вң…,вң…,Ficha TГ©cnica
333,IndexaciГіn de bases de datos o SIRES,вң…,вң…,вң…,вң…,вқҢ,вң…,Ficha TГ©cnica
342,% Profesores formados en innovaciГіn pedagГіgica,вң…,вң…,вң…,вң…,вң…,вң…,Ficha TГ©cnica
343,Cumplimiento de la eficacia de las capacitaciones ,вң…,вң…,вң…,вң…,вң…,вң…,Ficha TГ©cnica
483,Tasa de incremento en la resoluciГіn de solicitudes,вң…,вң…,вң…,вң…,вң…,вң…,Ficha TГ©cnica
489,Cumplimiento en la evaluaciГіn de las oportunidades,вң…,вң…,вң…,вң…,вң…,вң…,Ficha TГ©cnica
497,Nivel de SatisfacciГіn Servicios Prestados - Tesore,вң…,вң…,вң…,вң…,вң…,вң…,Ficha TГ©cnica
99,Nivel de satisfacciГіn del proceso de comunicacione,вң…,вң…,вң…,вң…,вң…,вқҢ,Ficha TГ©cnica
482,Programas con resultados de aprendizaje definidos ,вң…,вң…,вң…,вң…,вң…,вң…,Ficha TГ©cnica
461,Nivel Esfuerzo Editorial,вң…,вң…,вң…,вң…,вң…,вң…,Ficha TГ©cnica
899,Total conversiГіn,вң…,вң…,вң…,вң…,вң…,вң…,Ficha TГ©cnica
700,Tasa de exito de creaciГіn de programas y renovacio,вң…,вң…,вң…,вң…,вң…,вқҢ,Ficha TГ©cnica
520,Impactos (Salud),вқҢ,вң…,вң…,вқҢ,вқҢ,вқҢ,Ficha TГ©cnica
521,Nivel de SatisfacciГіn Servicios Prestados -Servici,вң…,вң…,вң…,вң…,вң…,вқҢ,Ficha TГ©cnica
809,Nivel de SatisfacciГіn Servicios Prestados -Cultura,вқҢ,вң…,вң…,вқҢ,вң…,вқҢ,Ficha TГ©cnica
897,Permanencia por modalidad,вң…,вң…,вң…,вң…,вң…,вң…,Ficha TГ©cnica
808,PercepciГіn de la experiencia,вқҢ,вң…,вң…,вқҢ,вқҢ,вқҢ,Ficha TГ©cnica
820,"PercepciГіn de la experiencia - GestiГіn, evaluaciГіn",вң…,вң…,вң…,вң…,вң…,вң…,Ficha TГ©cnica
898,RelaciГіn Estudiante-Docente Tiempo completo   (Pob,вқҢ,вң…,вң…,вқҢ,вң…,вқҢ,Ficha TГ©cnica
826,RelaciГіn estudiante docente Tiempo Completo Equiva,вқҢ,вң…,вң…,вқҢ,вң…,вқҢ,Ficha TГ©cnica
825,Docentes contratados  (PoblaciГіn AAC/Institucional,вқҢ,вң…,вң…,вқҢ,вң…,вқҢ,Ficha TГ©cnica
824,Docentes con plan de trabajo asignado (PoblaciГіn A,вқҢ,вң…,вң…,вқҢ,вң…,вқҢ,Ficha TГ©cnica
823,Total docentes por nivel de estudios (PoblaciГіn AA,вң…,вң…,вң…,вң…,вң…,вқҢ,Ficha TГ©cnica
966,Tasa de incremento en la resoluciГіn de solicitudes,вқҢ,вң…,вң…,вқҢ,вң…,вқҢ,Ficha TГ©cnica
601,PercepciГіn de la experiencia,вң…,вң…,вң…,вң…,вң…,вң…,Ficha TГ©cnica
602,PercepciГіn de la experiencia,вң…,вң…,вң…,вң…,вң…,вң…,Ficha TГ©cnica
603,PercepciГіn de la experiencia,вң…,вң…,вң…,вң…,вң…,вқҢ,Ficha TГ©cnica
605,ProducciГіn de ambientes inmersivos CREA,вң…,вң…,вң…,вң…,вң…,вқҢ,Ficha TГ©cnica
606,ParticipaciГіn en capacitaciones SST- Metrica,вң…,вң…,вң…,вң…,вң…,вң…,Ficha TГ©cnica
607,ValoraciГіn de la experiencia institucional,вқҢ,вң…,вң…,вқҢ,вң…,вқҢ,Ficha TГ©cnica
805,SatisfacciГіn con la estrategia de acompaГұamiento d,вң…,вң…,вң…,вң…,вң…,вң…,Ficha TГ©cnica
549,CES InscripciГіn de asignaturas,вң…,вң…,вң…,вң…,вң…,вң…,Ficha TГ©cnica
811,Tasa de cotizaciГіn del graduado - Metrica,вң…,вң…,вң…,вң…,вң…,вң…,Ficha TГ©cnica
812,Nivel de satisfacciГіn del graduado con la instituc,вң…,вң…,вң…,вң…,вң…,вң…,Ficha TГ©cnica
968,AlineaciГіn del Proyecto Educativo Institucional (P,вң…,вң…,вң…,вң…,вң…,вң…,Ficha TГ©cnica
971,Cumplimiento a cronograma de proyectos 2026,вқҢ,вң…,вң…,вқҢ,вң…,вқҢ,Ficha TГ©cnica
980,ParticipaciГіn en el despliegue del PDI 2026-2030,вқҢ,вң…,вң…,вқҢ,вң…,вқҢ,Ficha TГ©cnica
